depto,anio,mes_num,mes,cuota,monto_pagado,estado,fuente
1,2019,1,Enero,150,150.0,pagado,PAGOS MANTENIMIENTO 2025.xlsx (incluye 2019-2025)
2,2019,1,Enero,150,150.0,pagado,PAGOS MANTENIMIENTO 2025.xlsx (incluye 2019-2025)
3,2019,1,Enero,150,150.0,pagado,PAGOS MANTENIMIENTO 2025.xlsx (incluye 2019-2025)
4,2019,1,Enero,150,150.0,pagado,PAGOS MANTENIMIENTO 2025.xlsx (incluye 2019-2025)
101,2019,1,Enero,150,150.0,pagado,PAGOS MANTENIMIENTO 2025.xlsx (incluye 2019-2025)
102,2019,1,Enero,150,150.0,pagado,PAGOS MANTENIMIENTO 2025.xlsx (incluye 2019-2025)
103,2019,1,Enero,150,150.0,pagado,PAGOS MANTENIMIENTO 2025.xlsx (incluye 2019-2025)
104,2019,1,Enero,150,150.0,pagado,PAGOS MANTENIMIENTO 2025.xlsx (incluye 2019-2025)
201,2019,1,Enero,150,150.0,pagado,PAGOS MANTENIMIENTO 2025.xlsx (incluye 2019-2025)
202,2019,1,Enero,150,150.0,pagado,PAGOS MANTENIMIENTO 2025.xlsx (incluye 2019-2025)
203,2019,1,Enero,150,150.0,pagado,PAGOS MANTENIMIENTO 2025.xlsx (incluye 2019-2025)
204,2019,1,Enero,150,150.0,pagado,PAGOS MANTENIMIENTO 2025.xlsx (incluye 2019-2025)
301,2019,1,Enero,150,150.0,pagado,PAGOS MANTENIMIENTO 2025.xlsx (incluye 2019-2025)
302,2019,1,Enero,150,150.0,pagado,PAGOS MANTENIMIENTO 2025.xlsx (incluye 2019-2025)
303,2019,1,Enero,150,150.0,pagado,PAGOS MANTENIMIENTO 2025.xlsx (incluye 2019-2025)
304,2019,1,Enero,150,150.0,pagado,PAGOS MANTENIMIENTO 2025.xlsx (incluye 2019-2025)
401,2019,1,Enero,150,150.0,pagado,PAGOS MANTENIMIENTO 2025.xlsx (incluye 2019-2025)
402,2019,1,Enero,150,150.0,pagado,PAGOS MANTENIMIENTO 2025.xlsx (incluye 2019-2025)
403,2019,1,Enero,150,150.0,pagado,PAGOS MANTENIMIENTO 2025.xlsx (incluye 2019-2025)
404,2019,1,Enero,150,150.0,pagado,PAGOS MANTENIMIENTO 2025.xlsx (incluye 2019-2025)
1,2019,2,Febrero,150,150.0,pagado,PAGOS MANTENIMIENTO 2025.xlsx (incluye 2019-2025)
2,2019,2,Febrero,150,150.0,pagado,PAGOS MANTENIMIENTO 2025.xlsx (incluye 2019-2025)
3,2019,2,Febrero,150,150.0,pagado,PAGOS MANTENIMIENTO 2025.xlsx (incluye 2019-2025)
4,2019,2,Febrero,150,150.0,pagado,PAGOS MANTENIMIENTO 2025.xlsx (incluye 2019-2025)
101,2019,2,Febrero,150,150.0,pagado,PAGOS MANTENIMIENTO 2025.xlsx (incluye 2019-2025)
102,2019,2,Febrero,150,150.0,pagado,PAGOS MANTENIMIENTO 2025.xlsx (incluye 2019-2025)
103,2019,2,Febrero,150,150.0,pagado,PAGOS MANTENIMIENTO 2025.xlsx (incluye 2019-2025)
104,2019,2,Febrero,150,150.0,pagado,PAGOS MANTENIMIENTO 2025.xlsx (incluye 2019-2025)
201,2019,2,Febrero,150,150.0,pagado,PAGOS MANTENIMIENTO 2025.xlsx (incluye 2019-2025)
202,2019,2,Febrero,150,150.0,pagado,PAGOS MANTENIMIENTO 2025.xlsx (incluye 2019-2025)
203,2019,2,Febrero,150,150.0,pagado,PAGOS MANTENIMIENTO 2025.xlsx (incluye 2019-2025)
204,2019,2,Febrero,150,150.0,pagado,PAGOS MANTENIMIENTO 2025.xlsx (incluye 2019-2025)
301,2019,2,Febrero,150,150.0,pagado,PAGOS MANTENIMIENTO 2025.xlsx (incluye 2019-2025)
302,2019,2,Febrero,150,150.0,pagado,PAGOS MANTENIMIENTO 2025.xlsx (incluye 2019-2025)
303,2019,2,Febrero,150,150.0,pagado,PAGOS MANTENIMIENTO 2025.xlsx (incluye 2019-2025)
304,2019,2,Febrero,150,150.0,pagado,PAGOS MANTENIMIENTO 2025.xlsx (incluye 2019-2025)
401,2019,2,Febrero,150,150.0,pagado,PAGOS MANTENIMIENTO 2025.xlsx (incluye 2019-2025)
402,2019,2,Febrero,150,150.0,pagado,PAGOS MANTENIMIENTO 2025.xlsx (incluye 2019-2025)
403,2019,2,Febrero,150,150.0,pagado,PAGOS MANTENIMIENTO 2025.xlsx (incluye 2019-2025)
404,2019,2,Febrero,150,150.0,pagado,PAGOS MANTENIMIENTO 2025.xlsx (incluye 2019-2025)
1,2019,3,Marzo,150,150.0,pagado,PAGOS MANTENIMIENTO 2025.xlsx (incluye 2019-2025)
2,2019,3,Marzo,150,150.0,pagado,PAGOS MANTENIMIENTO 2025.xlsx (incluye 2019-2025)
3,2019,3,Marzo,150,150.0,pagado,PAGOS MANTENIMIENTO 2025.xlsx (incluye 2019-2025)
4,2019,3,Marzo,150,0.0,pendiente,PAGOS MANTENIMIENTO 2025.xlsx (incluye 2019-2025)
101,2019,3,Marzo,150,150.0,pagado,PAGOS MANTENIMIENTO 2025.xlsx (incluye 2019-2025)
102,2019,3,Marzo,150,150.0,pagado,PAGOS MANTENIMIENTO 2025.xlsx (incluye 2019-2025)
103,2019,3,Marzo,150,150.0,pagado,PAGOS MANTENIMIENTO 2025.xlsx (incluye 2019-2025)
104,2019,3,Marzo,150,150.0,pagado,PAGOS MANTENIMIENTO 2025.xlsx (incluye 2019-2025)
201,2019,3,Marzo,150,150.0,pagado,PAGOS MANTENIMIENTO 2025.xlsx (incluye 2019-2025)
202,2019,3,Marzo,150,150.0,pagado,PAGOS MANTENIMIENTO 2025.xlsx (incluye 2019-2025)
203,2019,3,Marzo,150,150.0,pagado,PAGOS MANTENIMIENTO 2025.xlsx (incluye 2019-2025)
204,2019,3,Marzo,150,0.0,pendiente,PAGOS MANTENIMIENTO 2025.xlsx (incluye 2019-2025)
301,2019,3,Marzo,150,150.0,pagado,PAGOS MANTENIMIENTO 2025.xlsx (incluye 2019-2025)
302,2019,3,Marzo,150,150.0,pagado,PAGOS MANTENIMIENTO 2025.xlsx (incluye 2019-2025)
303,2019,3,Marzo,150,150.0,pagado,PAGOS MANTENIMIENTO 2025.xlsx (incluye 2019-2025)
304,2019,3,Marzo,150,150.0,pagado,PAGOS MANTENIMIENTO 2025.xlsx (incluye 2019-2025)
401,2019,3,Marzo,150,150.0,pagado,PAGOS MANTENIMIENTO 2025.xlsx (incluye 2019-2025)
402,2019,3,Marzo,150,150.0,pagado,PAGOS MANTENIMIENTO 2025.xlsx (incluye 2019-2025)
403,2019,3,Marzo,150,0.0,pendiente,PAGOS MANTENIMIENTO 2025.xlsx (incluye 2019-2025)
404,2019,3,Marzo,150,0.0,pendiente,PAGOS MANTENIMIENTO 2025.xlsx (incluye 2019-2025)
1,2019,4,Abril,150,150.0,pagado,PAGOS MANTENIMIENTO 2025.xlsx (incluye 2019-2025)
2,2019,4,Abril,150,150.0,pagado,PAGOS MANTENIMIENTO 2025.xlsx (incluye 2019-2025)
3,2019,4,Abril,150,150.0,pagado,PAGOS MANTENIMIENTO 2025.xlsx (incluye 2019-2025)
4,2019,4,Abril,150,0.0,pendiente,PAGOS MANTENIMIENTO 2025.xlsx (incluye 2019-2025)
101,2019,4,Abril,150,150.0,pagado,PAGOS MANTENIMIENTO 2025.xlsx (incluye 2019-2025)
102,2019,4,Abril,150,150.0,pagado,PAGOS MANTENIMIENTO 2025.xlsx (incluye 2019-2025)
103,2019,4,Abril,150,150.0,pagado,PAGOS MANTENIMIENTO 2025.xlsx (incluye 2019-2025)
104,2019,4,Abril,150,150.0,pagado,PAGOS MANTENIMIENTO 2025.xlsx (incluye 2019-2025)
201,2019,4,Abril,150,150.0,pagado,PAGOS MANTENIMIENTO 2025.xlsx (incluye 2019-2025)
202,2019,4,Abril,150,150.0,pagado,PAGOS MANTENIMIENTO 2025.xlsx (incluye 2019-2025)
203,2019,4,Abril,150,150.0,pagado,PAGOS MANTENIMIENTO 2025.xlsx (incluye 2019-2025)
204,2019,4,Abril,150,0.0,pendiente,PAGOS MANTENIMIENTO 2025.xlsx (incluye 2019-2025)
301,2019,4,Abril,150,150.0,pagado,PAGOS MANTENIMIENTO 2025.xlsx (incluye 2019-2025)
302,2019,4,Abril,150,150.0,pagado,PAGOS MANTENIMIENTO 2025.xlsx (incluye 2019-2025)
303,2019,4,Abril,150,150.0,pagado,PAGOS MANTENIMIENTO 2025.xlsx (incluye 2019-2025)
304,2019,4,Abril,150,150.0,pagado,PAGOS MANTENIMIENTO 2025.xlsx (incluye 2019-2025)
401,2019,4,Abril,150,150.0,pagado,PAGOS MANTENIMIENTO 2025.xlsx (incluye 2019-2025)
402,2019,4,Abril,150,150.0,pagado,PAGOS MANTENIMIENTO 2025.xlsx (incluye 2019-2025)
403,2019,4,Abril,150,0.0,pendiente,PAGOS MANTENIMIENTO 2025.xlsx (incluye 2019-2025)
404,2019,4,Abril,150,0.0,pendiente,PAGOS MANTENIMIENTO 2025.xlsx (incluye 2019-2025)
1,2019,5,Mayo,150,150.0,pagado,PAGOS MANTENIMIENTO 2025.xlsx (incluye 2019-2025)
2,2019,5,Mayo,150,150.0,pagado,PAGOS MANTENIMIENTO 2025.xlsx (incluye 2019-2025)
3,2019,5,Mayo,150,150.0,pagado,PAGOS MANTENIMIENTO 2025.xlsx (incluye 2019-2025)
4,2019,5,Mayo,150,0.0,pendiente,PAGOS MANTENIMIENTO 2025.xlsx (incluye 2019-2025)
101,2019,5,Mayo,150,150.0,pagado,PAGOS MANTENIMIENTO 2025.xlsx (incluye 2019-2025)
102,2019,5,Mayo,150,150.0,pagado,PAGOS MANTENIMIENTO 2025.xlsx (incluye 2019-2025)
103,2019,5,Mayo,150,0.0,pendiente,PAGOS MANTENIMIENTO 2025.xlsx (incluye 2019-2025)
104,2019,5,Mayo,150,150.0,pagado,PAGOS MANTENIMIENTO 2025.xlsx (incluye 2019-2025)
201,2019,5,Mayo,150,150.0,pagado,PAGOS MANTENIMIENTO 2025.xlsx (incluye 2019-2025)
202,2019,5,Mayo,150,150.0,pagado,PAGOS MANTENIMIENTO 2025.xlsx (incluye 2019-2025)
203,2019,5,Mayo,150,150.0,pagado,PAGOS MANTENIMIENTO 2025.xlsx (incluye 2019-2025)
204,2019,5,Mayo,150,0.0,pendiente,PAGOS MANTENIMIENTO 2025.xlsx (incluye 2019-2025)
301,2019,5,Mayo,150,150.0,pagado,PAGOS MANTENIMIENTO 2025.xlsx (incluye 2019-2025)
302,2019,5,Mayo,150,150.0,pagado,PAGOS MANTENIMIENTO 2025.xlsx (incluye 2019-2025)
303,2019,5,Mayo,150,150.0,pagado,PAGOS MANTENIMIENTO 2025.xlsx (incluye 2019-2025)
304,2019,5,Mayo,150,150.0,pagado,PAGOS MANTENIMIENTO 2025.xlsx (incluye 2019-2025)
401,2019,5,Mayo,150,150.0,pagado,PAGOS MANTENIMIENTO 2025.xlsx (incluye 2019-2025)
402,2019,5,Mayo,150,150.0,pagado,PAGOS MANTENIMIENTO 2025.xlsx (incluye 2019-2025)
403,2019,5,Mayo,150,0.0,pendiente,PAGOS MANTENIMIENTO 2025.xlsx (incluye 2019-2025)
404,2019,5,Mayo,150,0.0,pendiente,PAGOS MANTENIMIENTO 2025.xlsx (incluye 2019-2025)
1,2019,6,Junio,150,0.0,pendiente,PAGOS MANTENIMIENTO 2025.xlsx (incluye 2019-2025)
2,2019,6,Junio,150,150.0,pagado,PAGOS MANTENIMIENTO 2025.xlsx (incluye 2019-2025)
3,2019,6,Junio,150,150.0,pagado,PAGOS MANTENIMIENTO 2025.xlsx (incluye 2019-2025)
4,2019,6,Junio,150,0.0,pendiente,PAGOS MANTENIMIENTO 2025.xlsx (incluye 2019-2025)
101,2019,6,Junio,150,150.0,pagado,PAGOS MANTENIMIENTO 2025.xlsx (incluye 2019-2025)
102,2019,6,Junio,150,150.0,pagado,PAGOS MANTENIMIENTO 2025.xlsx (incluye 2019-2025)
103,2019,6,Junio,150,0.0,pendiente,PAGOS MANTENIMIENTO 2025.xlsx (incluye 2019-2025)
104,2019,6,Junio,150,150.0,pagado,PAGOS MANTENIMIENTO 2025.xlsx (incluye 2019-2025)
201,2019,6,Junio,150,150.0,pagado,PAGOS MANTENIMIENTO 2025.xlsx (incluye 2019-2025)
202,2019,6,Junio,150,150.0,pagado,PAGOS MANTENIMIENTO 2025.xlsx (incluye 2019-2025)
203,2019,6,Junio,150,150.0,pagado,PAGOS MANTENIMIENTO 2025.xlsx (incluye 2019-2025)
204,2019,6,Junio,150,0.0,pendiente,PAGOS MANTENIMIENTO 2025.xlsx (incluye 2019-2025)
301,2019,6,Junio,150,150.0,pagado,PAGOS MANTENIMIENTO 2025.xlsx (incluye 2019-2025)
302,2019,6,Junio,150,150.0,pagado,PAGOS MANTENIMIENTO 2025.xlsx (incluye 2019-2025)
303,2019,6,Junio,150,150.0,pagado,PAGOS MANTENIMIENTO 2025.xlsx (incluye 2019-2025)
304,2019,6,Junio,150,150.0,pagado,PAGOS MANTENIMIENTO 2025.xlsx (incluye 2019-2025)
401,2019,6,Junio,150,150.0,pagado,PAGOS MANTENIMIENTO 2025.xlsx (incluye 2019-2025)
402,2019,6,Junio,150,150.0,pagado,PAGOS MANTENIMIENTO 2025.xlsx (incluye 2019-2025)
403,2019,6,Junio,150,0.0,pendiente,PAGOS MANTENIMIENTO 2025.xlsx (incluye 2019-2025)
404,2019,6,Junio,150,0.0,pendiente,PAGOS MANTENIMIENTO 2025.xlsx (incluye 2019-2025)
1,2019,7,Julio,150,0.0,pendiente,PAGOS MANTENIMIENTO 2025.xlsx (incluye 2019-2025)
2,2019,7,Julio,150,150.0,pagado,PAGOS MANTENIMIENTO 2025.xlsx (incluye 2019-2025)
3,2019,7,Julio,150,150.0,pagado,PAGOS MANTENIMIENTO 2025.xlsx (incluye 2019-2025)
4,2019,7,Julio,150,0.0,pendiente,PAGOS MANTENIMIENTO 2025.xlsx (incluye 2019-2025)
101,2019,7,Julio,150,150.0,pagado,PAGOS MANTENIMIENTO 2025.xlsx (incluye 2019-2025)
102,2019,7,Julio,150,150.0,pagado,PAGOS MANTENIMIENTO 2025.xlsx (incluye 2019-2025)
103,2019,7,Julio,150,0.0,pendiente,PAGOS MANTENIMIENTO 2025.xlsx (incluye 2019-2025)
104,2019,7,Julio,150,150.0,pagado,PAGOS MANTENIMIENTO 2025.xlsx (incluye 2019-2025)
201,2019,7,Julio,150,150.0,pagado,PAGOS MANTENIMIENTO 2025.xlsx (incluye 2019-2025)
202,2019,7,Julio,150,150.0,pagado,PAGOS MANTENIMIENTO 2025.xlsx (incluye 2019-2025)
203,2019,7,Julio,150,150.0,pagado,PAGOS MANTENIMIENTO 2025.xlsx (incluye 2019-2025)
204,2019,7,Julio,150,0.0,pendiente,PAGOS MANTENIMIENTO 2025.xlsx (incluye 2019-2025)
301,2019,7,Julio,150,150.0,pagado,PAGOS MANTENIMIENTO 2025.xlsx (incluye 2019-2025)
302,2019,7,Julio,150,150.0,pagado,PAGOS MANTENIMIENTO 2025.xlsx (incluye 2019-2025)
303,2019,7,Julio,150,150.0,pagado,PAGOS MANTENIMIENTO 2025.xlsx (incluye 2019-2025)
304,2019,7,Julio,150,150.0,pagado,PAGOS MANTENIMIENTO 2025.xlsx (incluye 2019-2025)
401,2019,7,Julio,150,150.0,pagado,PAGOS MANTENIMIENTO 2025.xlsx (incluye 2019-2025)
402,2019,7,Julio,150,150.0,pagado,PAGOS MANTENIMIENTO 2025.xlsx (incluye 2019-2025)
403,2019,7,Julio,150,150.0,pagado,PAGOS MANTENIMIENTO 2025.xlsx (incluye 2019-2025)
404,2019,7,Julio,150,0.0,pendiente,PAGOS MANTENIMIENTO 2025.xlsx (incluye 2019-2025)
1,2019,8,Agosto,150,150.0,pagado,PAGOS MANTENIMIENTO 2025.xlsx (incluye 2019-2025)
2,2019,8,Agosto,150,150.0,pagado,PAGOS MANTENIMIENTO 2025.xlsx (incluye 2019-2025)
3,2019,8,Agosto,150,150.0,pagado,PAGOS MANTENIMIENTO 2025.xlsx (incluye 2019-2025)
4,2019,8,Agosto,150,150.0,pagado,PAGOS MANTENIMIENTO 2025.xlsx (incluye 2019-2025)
101,2019,8,Agosto,150,150.0,pagado,PAGOS MANTENIMIENTO 2025.xlsx (incluye 2019-2025)
102,2019,8,Agosto,150,150.0,pagado,PAGOS MANTENIMIENTO 2025.xlsx (incluye 2019-2025)
103,2019,8,Agosto,150,0.0,pendiente,PAGOS MANTENIMIENTO 2025.xlsx (incluye 2019-2025)
104,2019,8,Agosto,150,150.0,pagado,PAGOS MANTENIMIENTO 2025.xlsx (incluye 2019-2025)
201,2019,8,Agosto,150,150.0,pagado,PAGOS MANTENIMIENTO 2025.xlsx (incluye 2019-2025)
202,2019,8,Agosto,150,150.0,pagado,PAGOS MANTENIMIENTO 2025.xlsx (incluye 2019-2025)
203,2019,8,Agosto,150,150.0,pagado,PAGOS MANTENIMIENTO 2025.xlsx (incluye 2019-2025)
204,2019,8,Agosto,150,0.0,pendiente,PAGOS MANTENIMIENTO 2025.xlsx (incluye 2019-2025)
301,2019,8,Agosto,150,150.0,pagado,PAGOS MANTENIMIENTO 2025.xlsx (incluye 2019-2025)
302,2019,8,Agosto,150,150.0,pagado,PAGOS MANTENIMIENTO 2025.xlsx (incluye 2019-2025)
303,2019,8,Agosto,150,150.0,pagado,PAGOS MANTENIMIENTO 2025.xlsx (incluye 2019-2025)
304,2019,8,Agosto,150,150.0,pagado,PAGOS MANTENIMIENTO 2025.xlsx (incluye 2019-2025)
401,2019,8,Agosto,150,150.0,pagado,PAGOS MANTENIMIENTO 2025.xlsx (incluye 2019-2025)
402,2019,8,Agosto,150,150.0,pagado,PAGOS MANTENIMIENTO 2025.xlsx (incluye 2019-2025)
403,2019,8,Agosto,150,150.0,pagado,PAGOS MANTENIMIENTO 2025.xlsx (incluye 2019-2025)
404,2019,8,Agosto,150,0.0,pendiente,PAGOS MANTENIMIENTO 2025.xlsx (incluye 2019-2025)
1,2019,9,Septiembre,150,50.0,parcial,PAGOS MANTENIMIENTO 2025.xlsx (incluye 2019-2025)
2,2019,9,Septiembre,150,150.0,pagado,PAGOS MANTENIMIENTO 2025.xlsx (incluye 2019-2025)
3,2019,9,Septiembre,150,150.0,pagado,PAGOS MANTENIMIENTO 2025.xlsx (incluye 2019-2025)
4,2019,9,Septiembre,150,150.0,pagado,PAGOS MANTENIMIENTO 2025.xlsx (incluye 2019-2025)
101,2019,9,Septiembre,150,150.0,pagado,PAGOS MANTENIMIENTO 2025.xlsx (incluye 2019-2025)
102,2019,9,Septiembre,150,150.0,pagado,PAGOS MANTENIMIENTO 2025.xlsx (incluye 2019-2025)
103,2019,9,Septiembre,150,0.0,pendiente,PAGOS MANTENIMIENTO 2025.xlsx (incluye 2019-2025)
104,2019,9,Septiembre,150,150.0,pagado,PAGOS MANTENIMIENTO 2025.xlsx (incluye 2019-2025)
201,2019,9,Septiembre,150,150.0,pagado,PAGOS MANTENIMIENTO 2025.xlsx (incluye 2019-2025)
202,2019,9,Septiembre,150,150.0,pagado,PAGOS MANTENIMIENTO 2025.xlsx (incluye 2019-2025)
203,2019,9,Septiembre,150,150.0,pagado,PAGOS MANTENIMIENTO 2025.xlsx (incluye 2019-2025)
204,2019,9,Septiembre,150,0.0,pendiente,PAGOS MANTENIMIENTO 2025.xlsx (incluye 2019-2025)
301,2019,9,Septiembre,150,150.0,pagado,PAGOS MANTENIMIENTO 2025.xlsx (incluye 2019-2025)
302,2019,9,Septiembre,150,150.0,pagado,PAGOS MANTENIMIENTO 2025.xlsx (incluye 2019-2025)
303,2019,9,Septiembre,150,150.0,pagado,PAGOS MANTENIMIENTO 2025.xlsx (incluye 2019-2025)
304,2019,9,Septiembre,150,150.0,pagado,PAGOS MANTENIMIENTO 2025.xlsx (incluye 2019-2025)
401,2019,9,Septiembre,150,150.0,pagado,PAGOS MANTENIMIENTO 2025.xlsx (incluye 2019-2025)
402,2019,9,Septiembre,150,150.0,pagado,PAGOS MANTENIMIENTO 2025.xlsx (incluye 2019-2025)
403,2019,9,Septiembre,150,150.0,pagado,PAGOS MANTENIMIENTO 2025.xlsx (incluye 2019-2025)
404,2019,9,Septiembre,150,0.0,pendiente,PAGOS MANTENIMIENTO 2025.xlsx (incluye 2019-2025)
1,2019,10,Octubre,150,150.0,pagado,PAGOS MANTENIMIENTO 2025.xlsx (incluye 2019-2025)
2,2019,10,Octubre,150,150.0,pagado,PAGOS MANTENIMIENTO 2025.xlsx (incluye 2019-2025)
3,2019,10,Octubre,150,150.0,pagado,PAGOS MANTENIMIENTO 2025.xlsx (incluye 2019-2025)
4,2019,10,Octubre,150,0.0,pendiente,PAGOS MANTENIMIENTO 2025.xlsx (incluye 2019-2025)
101,2019,10,Octubre,150,150.0,pagado,PAGOS MANTENIMIENTO 2025.xlsx (incluye 2019-2025)
102,2019,10,Octubre,150,150.0,pagado,PAGOS MANTENIMIENTO 2025.xlsx (incluye 2019-2025)
103,2019,10,Octubre,150,0.0,pendiente,PAGOS MANTENIMIENTO 2025.xlsx (incluye 2019-2025)
104,2019,10,Octubre,150,150.0,pagado,PAGOS MANTENIMIENTO 2025.xlsx (incluye 2019-2025)
201,2019,10,Octubre,150,150.0,pagado,PAGOS MANTENIMIENTO 2025.xlsx (incluye 2019-2025)
202,2019,10,Octubre,150,150.0,pagado,PAGOS MANTENIMIENTO 2025.xlsx (incluye 2019-2025)
203,2019,10,Octubre,150,150.0,pagado,PAGOS MANTENIMIENTO 2025.xlsx (incluye 2019-2025)
204,2019,10,Octubre,150,0.0,pendiente,PAGOS MANTENIMIENTO 2025.xlsx (incluye 2019-2025)
301,2019,10,Octubre,150,150.0,pagado,PAGOS MANTENIMIENTO 2025.xlsx (incluye 2019-2025)
302,2019,10,Octubre,150,150.0,pagado,PAGOS MANTENIMIENTO 2025.xlsx (incluye 2019-2025)
303,2019,10,Octubre,150,150.0,pagado,PAGOS MANTENIMIENTO 2025.xlsx (incluye 2019-2025)
304,2019,10,Octubre,150,150.0,pagado,PAGOS MANTENIMIENTO 2025.xlsx (incluye 2019-2025)
401,2019,10,Octubre,150,150.0,pagado,PAGOS MANTENIMIENTO 2025.xlsx (incluye 2019-2025)
402,2019,10,Octubre,150,0.0,pendiente,PAGOS MANTENIMIENTO 2025.xlsx (incluye 2019-2025)
403,2019,10,Octubre,150,150.0,pagado,PAGOS MANTENIMIENTO 2025.xlsx (incluye 2019-2025)
404,2019,10,Octubre,150,0.0,pendiente,PAGOS MANTENIMIENTO 2025.xlsx (incluye 2019-2025)
1,2019,11,Noviembre,150,0.0,pendiente,PAGOS MANTENIMIENTO 2025.xlsx (incluye 2019-2025)
2,2019,11,Noviembre,150,150.0,pagado,PAGOS MANTENIMIENTO 2025.xlsx (incluye 2019-2025)
3,2019,11,Noviembre,150,150.0,pagado,PAGOS MANTENIMIENTO 2025.xlsx (incluye 2019-2025)
4,2019,11,Noviembre,150,0.0,pendiente,PAGOS MANTENIMIENTO 2025.xlsx (incluye 2019-2025)
101,2019,11,Noviembre,150,150.0,pagado,PAGOS MANTENIMIENTO 2025.xlsx (incluye 2019-2025)
102,2019,11,Noviembre,150,150.0,pagado,PAGOS MANTENIMIENTO 2025.xlsx (incluye 2019-2025)
103,2019,11,Noviembre,150,0.0,pendiente,PAGOS MANTENIMIENTO 2025.xlsx (incluye 2019-2025)
104,2019,11,Noviembre,150,150.0,pagado,PAGOS MANTENIMIENTO 2025.xlsx (incluye 2019-2025)
201,2019,11,Noviembre,150,150.0,pagado,PAGOS MANTENIMIENTO 2025.xlsx (incluye 2019-2025)
202,2019,11,Noviembre,150,150.0,pagado,PAGOS MANTENIMIENTO 2025.xlsx (incluye 2019-2025)
203,2019,11,Noviembre,150,150.0,pagado,PAGOS MANTENIMIENTO 2025.xlsx (incluye 2019-2025)
204,2019,11,Noviembre,150,0.0,pendiente,PAGOS MANTENIMIENTO 2025.xlsx (incluye 2019-2025)
301,2019,11,Noviembre,150,150.0,pagado,PAGOS MANTENIMIENTO 2025.xlsx (incluye 2019-2025)
302,2019,11,Noviembre,150,150.0,pagado,PAGOS MANTENIMIENTO 2025.xlsx (incluye 2019-2025)
303,2019,11,Noviembre,150,150.0,pagado,PAGOS MANTENIMIENTO 2025.xlsx (incluye 2019-2025)
304,2019,11,Noviembre,150,150.0,pagado,PAGOS MANTENIMIENTO 2025.xlsx (incluye 2019-2025)
401,2019,11,Noviembre,150,150.0,pagado,PAGOS MANTENIMIENTO 2025.xlsx (incluye 2019-2025)
402,2019,11,Noviembre,150,0.0,pendiente,PAGOS MANTENIMIENTO 2025.xlsx (incluye 2019-2025)
403,2019,11,Noviembre,150,150.0,pagado,PAGOS MANTENIMIENTO 2025.xlsx (incluye 2019-2025)
404,2019,11,Noviembre,150,0.0,pendiente,PAGOS MANTENIMIENTO 2025.xlsx (incluye 2019-2025)
1,2019,12,Diciembre,150,0.0,pendiente,PAGOS MANTENIMIENTO 2025.xlsx (incluye 2019-2025)
2,2019,12,Diciembre,150,150.0,pagado,PAGOS MANTENIMIENTO 2025.xlsx (incluye 2019-2025)
3,2019,12,Diciembre,150,150.0,pagado,PAGOS MANTENIMIENTO 2025.xlsx (incluye 2019-2025)
4,2019,12,Diciembre,150,0.0,pendiente,PAGOS MANTENIMIENTO 2025.xlsx (incluye 2019-2025)
101,2019,12,Diciembre,150,150.0,pagado,PAGOS MANTENIMIENTO 2025.xlsx (incluye 2019-2025)
102,2019,12,Diciembre,150,150.0,pagado,PAGOS MANTENIMIENTO 2025.xlsx (incluye 2019-2025)
103,2019,12,Diciembre,150,0.0,pendiente,PAGOS MANTENIMIENTO 2025.xlsx (incluye 2019-2025)
104,2019,12,Diciembre,150,150.0,pagado,PAGOS MANTENIMIENTO 2025.xlsx (incluye 2019-2025)
201,2019,12,Diciembre,150,150.0,pagado,PAGOS MANTENIMIENTO 2025.xlsx (incluye 2019-2025)
202,2019,12,Diciembre,150,150.0,pagado,PAGOS MANTENIMIENTO 2025.xlsx (incluye 2019-2025)
203,2019,12,Diciembre,150,150.0,pagado,PAGOS MANTENIMIENTO 2025.xlsx (incluye 2019-2025)
204,2019,12,Diciembre,150,0.0,pendiente,PAGOS MANTENIMIENTO 2025.xlsx (incluye 2019-2025)
301,2019,12,Diciembre,150,150.0,pagado,PAGOS MANTENIMIENTO 2025.xlsx (incluye 2019-2025)
302,2019,12,Diciembre,150,150.0,pagado,PAGOS MANTENIMIENTO 2025.xlsx (incluye 2019-2025)
303,2019,12,Diciembre,150,150.0,pagado,PAGOS MANTENIMIENTO 2025.xlsx (incluye 2019-2025)
304,2019,12,Diciembre,150,150.0,pagado,PAGOS MANTENIMIENTO 2025.xlsx (incluye 2019-2025)
401,2019,12,Diciembre,150,150.0,pagado,PAGOS MANTENIMIENTO 2025.xlsx (incluye 2019-2025)
402,2019,12,Diciembre,150,0.0,pendiente,PAGOS MANTENIMIENTO 2025.xlsx (incluye 2019-2025)
403,2019,12,Diciembre,150,150.0,pagado,PAGOS MANTENIMIENTO 2025.xlsx (incluye 2019-2025)
404,2019,12,Diciembre,150,0.0,pendiente,PAGOS MANTENIMIENTO 2025.xlsx (incluye 2019-2025)
1,2020,1,Enero,150,0.0,pendiente,PAGOS MANTENIMIENTO 2025.xlsx (incluye 2019-2025)
2,2020,1,Enero,150,150.0,pagado,PAGOS MANTENIMIENTO 2025.xlsx (incluye 2019-2025)
3,2020,1,Enero,150,150.0,pagado,PAGOS MANTENIMIENTO 2025.xlsx (incluye 2019-2025)
4,2020,1,Enero,150,0.0,pendiente,PAGOS MANTENIMIENTO 2025.xlsx (incluye 2019-2025)
101,2020,1,Enero,150,150.0,pagado,PAGOS MANTENIMIENTO 2025.xlsx (incluye 2019-2025)
102,2020,1,Enero,150,150.0,pagado,PAGOS MANTENIMIENTO 2025.xlsx (incluye 2019-2025)
103,2020,1,Enero,150,0.0,pendiente,PAGOS MANTENIMIENTO 2025.xlsx (incluye 2019-2025)
104,2020,1,Enero,150,150.0,pagado,PAGOS MANTENIMIENTO 2025.xlsx (incluye 2019-2025)
201,2020,1,Enero,150,150.0,pagado,PAGOS MANTENIMIENTO 2025.xlsx (incluye 2019-2025)
202,2020,1,Enero,150,150.0,pagado,PAGOS MANTENIMIENTO 2025.xlsx (incluye 2019-2025)
203,2020,1,Enero,150,150.0,pagado,PAGOS MANTENIMIENTO 2025.xlsx (incluye 2019-2025)
204,2020,1,Enero,150,0.0,pendiente,PAGOS MANTENIMIENTO 2025.xlsx (incluye 2019-2025)
301,2020,1,Enero,150,150.0,pagado,PAGOS MANTENIMIENTO 2025.xlsx (incluye 2019-2025)
302,2020,1,Enero,150,150.0,pagado,PAGOS MANTENIMIENTO 2025.xlsx (incluye 2019-2025)
303,2020,1,Enero,150,150.0,pagado,PAGOS MANTENIMIENTO 2025.xlsx (incluye 2019-2025)
304,2020,1,Enero,150,150.0,pagado,PAGOS MANTENIMIENTO 2025.xlsx (incluye 2019-2025)
401,2020,1,Enero,150,150.0,pagado,PAGOS MANTENIMIENTO 2025.xlsx (incluye 2019-2025)
402,2020,1,Enero,150,0.0,pendiente,PAGOS MANTENIMIENTO 2025.xlsx (incluye 2019-2025)
403,2020,1,Enero,150,150.0,pagado,PAGOS MANTENIMIENTO 2025.xlsx (incluye 2019-2025)
404,2020,1,Enero,150,0.0,pendiente,PAGOS MANTENIMIENTO 2025.xlsx (incluye 2019-2025)
1,2020,2,Febrero,150,0.0,pendiente,PAGOS MANTENIMIENTO 2025.xlsx (incluye 2019-2025)
2,2020,2,Febrero,150,150.0,pagado,PAGOS MANTENIMIENTO 2025.xlsx (incluye 2019-2025)
3,2020,2,Febrero,150,150.0,pagado,PAGOS MANTENIMIENTO 2025.xlsx (incluye 2019-2025)
4,2020,2,Febrero,150,0.0,pendiente,PAGOS MANTENIMIENTO 2025.xlsx (incluye 2019-2025)
101,2020,2,Febrero,150,150.0,pagado,PAGOS MANTENIMIENTO 2025.xlsx (incluye 2019-2025)
102,2020,2,Febrero,150,150.0,pagado,PAGOS MANTENIMIENTO 2025.xlsx (incluye 2019-2025)
103,2020,2,Febrero,150,0.0,pendiente,PAGOS MANTENIMIENTO 2025.xlsx (incluye 2019-2025)
104,2020,2,Febrero,150,150.0,pagado,PAGOS MANTENIMIENTO 2025.xlsx (incluye 2019-2025)
201,2020,2,Febrero,150,150.0,pagado,PAGOS MANTENIMIENTO 2025.xlsx (incluye 2019-2025)
202,2020,2,Febrero,150,150.0,pagado,PAGOS MANTENIMIENTO 2025.xlsx (incluye 2019-2025)
203,2020,2,Febrero,150,150.0,pagado,PAGOS MANTENIMIENTO 2025.xlsx (incluye 2019-2025)
204,2020,2,Febrero,150,0.0,pendiente,PAGOS MANTENIMIENTO 2025.xlsx (incluye 2019-2025)
301,2020,2,Febrero,150,150.0,pagado,PAGOS MANTENIMIENTO 2025.xlsx (incluye 2019-2025)
302,2020,2,Febrero,150,150.0,pagado,PAGOS MANTENIMIENTO 2025.xlsx (incluye 2019-2025)
303,2020,2,Febrero,150,150.0,pagado,PAGOS MANTENIMIENTO 2025.xlsx (incluye 2019-2025)
304,2020,2,Febrero,150,150.0,pagado,PAGOS MANTENIMIENTO 2025.xlsx (incluye 2019-2025)
401,2020,2,Febrero,150,150.0,pagado,PAGOS MANTENIMIENTO 2025.xlsx (incluye 2019-2025)
402,2020,2,Febrero,150,0.0,pendiente,PAGOS MANTENIMIENTO 2025.xlsx (incluye 2019-2025)
403,2020,2,Febrero,150,150.0,pagado,PAGOS MANTENIMIENTO 2025.xlsx (incluye 2019-2025)
404,2020,2,Febrero,150,0.0,pendiente,PAGOS MANTENIMIENTO 2025.xlsx (incluye 2019-2025)
1,2020,3,Marzo,150,0.0,pendiente,PAGOS MANTENIMIENTO 2025.xlsx (incluye 2019-2025)
2,2020,3,Marzo,150,150.0,pagado,PAGOS MANTENIMIENTO 2025.xlsx (incluye 2019-2025)
3,2020,3,Marzo,150,150.0,pagado,PAGOS MANTENIMIENTO 2025.xlsx (incluye 2019-2025)
4,2020,3,Marzo,150,0.0,pendiente,PAGOS MANTENIMIENTO 2025.xlsx (incluye 2019-2025)
101,2020,3,Marzo,150,150.0,pagado,PAGOS MANTENIMIENTO 2025.xlsx (incluye 2019-2025)
102,2020,3,Marzo,150,150.0,pagado,PAGOS MANTENIMIENTO 2025.xlsx (incluye 2019-2025)
103,2020,3,Marzo,150,0.0,pendiente,PAGOS MANTENIMIENTO 2025.xlsx (incluye 2019-2025)
104,2020,3,Marzo,150,150.0,pagado,PAGOS MANTENIMIENTO 2025.xlsx (incluye 2019-2025)
201,2020,3,Marzo,150,150.0,pagado,PAGOS MANTENIMIENTO 2025.xlsx (incluye 2019-2025)
202,2020,3,Marzo,150,150.0,pagado,PAGOS MANTENIMIENTO 2025.xlsx (incluye 2019-2025)
203,2020,3,Marzo,150,150.0,pagado,PAGOS MANTENIMIENTO 2025.xlsx (incluye 2019-2025)
204,2020,3,Marzo,150,0.0,pendiente,PAGOS MANTENIMIENTO 2025.xlsx (incluye 2019-2025)
301,2020,3,Marzo,150,150.0,pagado,PAGOS MANTENIMIENTO 2025.xlsx (incluye 2019-2025)
302,2020,3,Marzo,150,150.0,pagado,PAGOS MANTENIMIENTO 2025.xlsx (incluye 2019-2025)
303,2020,3,Marzo,150,150.0,pagado,PAGOS MANTENIMIENTO 2025.xlsx (incluye 2019-2025)
304,2020,3,Marzo,150,150.0,pagado,PAGOS MANTENIMIENTO 2025.xlsx (incluye 2019-2025)
401,2020,3,Marzo,150,150.0,pagado,PAGOS MANTENIMIENTO 2025.xlsx (incluye 2019-2025)
402,2020,3,Marzo,150,150.0,pagado,PAGOS MANTENIMIENTO 2025.xlsx (incluye 2019-2025)
403,2020,3,Marzo,150,150.0,pagado,PAGOS MANTENIMIENTO 2025.xlsx (incluye 2019-2025)
404,2020,3,Marzo,150,0.0,pendiente,PAGOS MANTENIMIENTO 2025.xlsx (incluye 2019-2025)
1,2020,4,Abril,150,0.0,pendiente,PAGOS MANTENIMIENTO 2025.xlsx (incluye 2019-2025)
2,2020,4,Abril,150,150.0,pagado,PAGOS MANTENIMIENTO 2025.xlsx (incluye 2019-2025)
3,2020,4,Abril,150,150.0,pagado,PAGOS MANTENIMIENTO 2025.xlsx (incluye 2019-2025)
4,2020,4,Abril,150,0.0,pendiente,PAGOS MANTENIMIENTO 2025.xlsx (incluye 2019-2025)
101,2020,4,Abril,150,150.0,pagado,PAGOS MANTENIMIENTO 2025.xlsx (incluye 2019-2025)
102,2020,4,Abril,150,150.0,pagado,PAGOS MANTENIMIENTO 2025.xlsx (incluye 2019-2025)
103,2020,4,Abril,150,0.0,pendiente,PAGOS MANTENIMIENTO 2025.xlsx (incluye 2019-2025)
104,2020,4,Abril,150,150.0,pagado,PAGOS MANTENIMIENTO 2025.xlsx (incluye 2019-2025)
201,2020,4,Abril,150,150.0,pagado,PAGOS MANTENIMIENTO 2025.xlsx (incluye 2019-2025)
202,2020,4,Abril,150,150.0,pagado,PAGOS MANTENIMIENTO 2025.xlsx (incluye 2019-2025)
203,2020,4,Abril,150,150.0,pagado,PAGOS MANTENIMIENTO 2025.xlsx (incluye 2019-2025)
204,2020,4,Abril,150,0.0,pendiente,PAGOS MANTENIMIENTO 2025.xlsx (incluye 2019-2025)
301,2020,4,Abril,150,150.0,pagado,PAGOS MANTENIMIENTO 2025.xlsx (incluye 2019-2025)
302,2020,4,Abril,150,150.0,pagado,PAGOS MANTENIMIENTO 2025.xlsx (incluye 2019-2025)
303,2020,4,Abril,150,150.0,pagado,PAGOS MANTENIMIENTO 2025.xlsx (incluye 2019-2025)
304,2020,4,Abril,150,150.0,pagado,PAGOS MANTENIMIENTO 2025.xlsx (incluye 2019-2025)
401,2020,4,Abril,150,150.0,pagado,PAGOS MANTENIMIENTO 2025.xlsx (incluye 2019-2025)
402,2020,4,Abril,150,0.0,pendiente,PAGOS MANTENIMIENTO 2025.xlsx (incluye 2019-2025)
403,2020,4,Abril,150,150.0,pagado,PAGOS MANTENIMIENTO 2025.xlsx (incluye 2019-2025)
404,2020,4,Abril,150,0.0,pendiente,PAGOS MANTENIMIENTO 2025.xlsx (incluye 2019-2025)
1,2020,5,Mayo,150,0.0,pendiente,PAGOS MANTENIMIENTO 2025.xlsx (incluye 2019-2025)
2,2020,5,Mayo,150,150.0,pagado,PAGOS MANTENIMIENTO 2025.xlsx (incluye 2019-2025)
3,2020,5,Mayo,150,150.0,pagado,PAGOS MANTENIMIENTO 2025.xlsx (incluye 2019-2025)
4,2020,5,Mayo,150,0.0,pendiente,PAGOS MANTENIMIENTO 2025.xlsx (incluye 2019-2025)
101,2020,5,Mayo,150,150.0,pagado,PAGOS MANTENIMIENTO 2025.xlsx (incluye 2019-2025)
102,2020,5,Mayo,150,150.0,pagado,PAGOS MANTENIMIENTO 2025.xlsx (incluye 2019-2025)
103,2020,5,Mayo,150,0.0,pendiente,PAGOS MANTENIMIENTO 2025.xlsx (incluye 2019-2025)
104,2020,5,Mayo,150,150.0,pagado,PAGOS MANTENIMIENTO 2025.xlsx (incluye 2019-2025)
201,2020,5,Mayo,150,150.0,pagado,PAGOS MANTENIMIENTO 2025.xlsx (incluye 2019-2025)
202,2020,5,Mayo,150,150.0,pagado,PAGOS MANTENIMIENTO 2025.xlsx (incluye 2019-2025)
203,2020,5,Mayo,150,150.0,pagado,PAGOS MANTENIMIENTO 2025.xlsx (incluye 2019-2025)
204,2020,5,Mayo,150,0.0,pendiente,PAGOS MANTENIMIENTO 2025.xlsx (incluye 2019-2025)
301,2020,5,Mayo,150,150.0,pagado,PAGOS MANTENIMIENTO 2025.xlsx (incluye 2019-2025)
302,2020,5,Mayo,150,150.0,pagado,PAGOS MANTENIMIENTO 2025.xlsx (incluye 2019-2025)
303,2020,5,Mayo,150,150.0,pagado,PAGOS MANTENIMIENTO 2025.xlsx (incluye 2019-2025)
304,2020,5,Mayo,150,150.0,pagado,PAGOS MANTENIMIENTO 2025.xlsx (incluye 2019-2025)
401,2020,5,Mayo,150,150.0,pagado,PAGOS MANTENIMIENTO 2025.xlsx (incluye 2019-2025)
402,2020,5,Mayo,150,0.0,pendiente,PAGOS MANTENIMIENTO 2025.xlsx (incluye 2019-2025)
403,2020,5,Mayo,150,100.0,parcial,PAGOS MANTENIMIENTO 2025.xlsx (incluye 2019-2025)
404,2020,5,Mayo,150,0.0,pendiente,PAGOS MANTENIMIENTO 2025.xlsx (incluye 2019-2025)
1,2020,6,Junio,150,0.0,pendiente,PAGOS MANTENIMIENTO 2025.xlsx (incluye 2019-2025)
2,2020,6,Junio,150,150.0,pagado,PAGOS MANTENIMIENTO 2025.xlsx (incluye 2019-2025)
3,2020,6,Junio,150,150.0,pagado,PAGOS MANTENIMIENTO 2025.xlsx (incluye 2019-2025)
4,2020,6,Junio,150,0.0,pendiente,PAGOS MANTENIMIENTO 2025.xlsx (incluye 2019-2025)
101,2020,6,Junio,150,150.0,pagado,PAGOS MANTENIMIENTO 2025.xlsx (incluye 2019-2025)
102,2020,6,Junio,150,150.0,pagado,PAGOS MANTENIMIENTO 2025.xlsx (incluye 2019-2025)
103,2020,6,Junio,150,0.0,pendiente,PAGOS MANTENIMIENTO 2025.xlsx (incluye 2019-2025)
104,2020,6,Junio,150,150.0,pagado,PAGOS MANTENIMIENTO 2025.xlsx (incluye 2019-2025)
201,2020,6,Junio,150,150.0,pagado,PAGOS MANTENIMIENTO 2025.xlsx (incluye 2019-2025)
202,2020,6,Junio,150,150.0,pagado,PAGOS MANTENIMIENTO 2025.xlsx (incluye 2019-2025)
203,2020,6,Junio,150,150.0,pagado,PAGOS MANTENIMIENTO 2025.xlsx (incluye 2019-2025)
204,2020,6,Junio,150,0.0,pendiente,PAGOS MANTENIMIENTO 2025.xlsx (incluye 2019-2025)
301,2020,6,Junio,150,150.0,pagado,PAGOS MANTENIMIENTO 2025.xlsx (incluye 2019-2025)
302,2020,6,Junio,150,150.0,pagado,PAGOS MANTENIMIENTO 2025.xlsx (incluye 2019-2025)
303,2020,6,Junio,150,150.0,pagado,PAGOS MANTENIMIENTO 2025.xlsx (incluye 2019-2025)
304,2020,6,Junio,150,150.0,pagado,PAGOS MANTENIMIENTO 2025.xlsx (incluye 2019-2025)
401,2020,6,Junio,150,150.0,pagado,PAGOS MANTENIMIENTO 2025.xlsx (incluye 2019-2025)
402,2020,6,Junio,150,0.0,pendiente,PAGOS MANTENIMIENTO 2025.xlsx (incluye 2019-2025)
403,2020,6,Junio,150,150.0,pagado,PAGOS MANTENIMIENTO 2025.xlsx (incluye 2019-2025)
404,2020,6,Junio,150,0.0,pendiente,PAGOS MANTENIMIENTO 2025.xlsx (incluye 2019-2025)
1,2020,7,Julio,150,0.0,pendiente,PAGOS MANTENIMIENTO 2025.xlsx (incluye 2019-2025)
2,2020,7,Julio,150,150.0,pagado,PAGOS MANTENIMIENTO 2025.xlsx (incluye 2019-2025)
3,2020,7,Julio,150,150.0,pagado,PAGOS MANTENIMIENTO 2025.xlsx (incluye 2019-2025)
4,2020,7,Julio,150,0.0,pendiente,PAGOS MANTENIMIENTO 2025.xlsx (incluye 2019-2025)
101,2020,7,Julio,150,150.0,pagado,PAGOS MANTENIMIENTO 2025.xlsx (incluye 2019-2025)
102,2020,7,Julio,150,150.0,pagado,PAGOS MANTENIMIENTO 2025.xlsx (incluye 2019-2025)
103,2020,7,Julio,150,0.0,pendiente,PAGOS MANTENIMIENTO 2025.xlsx (incluye 2019-2025)
104,2020,7,Julio,150,150.0,pagado,PAGOS MANTENIMIENTO 2025.xlsx (incluye 2019-2025)
201,2020,7,Julio,150,150.0,pagado,PAGOS MANTENIMIENTO 2025.xlsx (incluye 2019-2025)
202,2020,7,Julio,150,150.0,pagado,PAGOS MANTENIMIENTO 2025.xlsx (incluye 2019-2025)
203,2020,7,Julio,150,150.0,pagado,PAGOS MANTENIMIENTO 2025.xlsx (incluye 2019-2025)
204,2020,7,Julio,150,0.0,pendiente,PAGOS MANTENIMIENTO 2025.xlsx (incluye 2019-2025)
301,2020,7,Julio,150,150.0,pagado,PAGOS MANTENIMIENTO 2025.xlsx (incluye 2019-2025)
302,2020,7,Julio,150,150.0,pagado,PAGOS MANTENIMIENTO 2025.xlsx (incluye 2019-2025)
303,2020,7,Julio,150,150.0,pagado,PAGOS MANTENIMIENTO 2025.xlsx (incluye 2019-2025)
304,2020,7,Julio,150,150.0,pagado,PAGOS MANTENIMIENTO 2025.xlsx (incluye 2019-2025)
401,2020,7,Julio,150,150.0,pagado,PAGOS MANTENIMIENTO 2025.xlsx (incluye 2019-2025)
402,2020,7,Julio,150,0.0,pendiente,PAGOS MANTENIMIENTO 2025.xlsx (incluye 2019-2025)
403,2020,7,Julio,150,150.0,pagado,PAGOS MANTENIMIENTO 2025.xlsx (incluye 2019-2025)
404,2020,7,Julio,150,0.0,pendiente,PAGOS MANTENIMIENTO 2025.xlsx (incluye 2019-2025)
1,2020,8,Agosto,150,150.0,pagado,PAGOS MANTENIMIENTO 2025.xlsx (incluye 2019-2025)
2,2020,8,Agosto,150,150.0,pagado,PAGOS MANTENIMIENTO 2025.xlsx (incluye 2019-2025)
3,2020,8,Agosto,150,150.0,pagado,PAGOS MANTENIMIENTO 2025.xlsx (incluye 2019-2025)
4,2020,8,Agosto,150,150.0,pagado,PAGOS MANTENIMIENTO 2025.xlsx (incluye 2019-2025)
101,2020,8,Agosto,150,150.0,pagado,PAGOS MANTENIMIENTO 2025.xlsx (incluye 2019-2025)
102,2020,8,Agosto,150,150.0,pagado,PAGOS MANTENIMIENTO 2025.xlsx (incluye 2019-2025)
103,2020,8,Agosto,150,150.0,pagado,PAGOS MANTENIMIENTO 2025.xlsx (incluye 2019-2025)
104,2020,8,Agosto,150,150.0,pagado,PAGOS MANTENIMIENTO 2025.xlsx (incluye 2019-2025)
201,2020,8,Agosto,150,150.0,pagado,PAGOS MANTENIMIENTO 2025.xlsx (incluye 2019-2025)
202,2020,8,Agosto,150,150.0,pagado,PAGOS MANTENIMIENTO 2025.xlsx (incluye 2019-2025)
203,2020,8,Agosto,150,150.0,pagado,PAGOS MANTENIMIENTO 2025.xlsx (incluye 2019-2025)
204,2020,8,Agosto,150,0.0,pendiente,PAGOS MANTENIMIENTO 2025.xlsx (incluye 2019-2025)
301,2020,8,Agosto,150,150.0,pagado,PAGOS MANTENIMIENTO 2025.xlsx (incluye 2019-2025)
302,2020,8,Agosto,150,150.0,pagado,PAGOS MANTENIMIENTO 2025.xlsx (incluye 2019-2025)
303,2020,8,Agosto,150,150.0,pagado,PAGOS MANTENIMIENTO 2025.xlsx (incluye 2019-2025)
304,2020,8,Agosto,150,150.0,pagado,PAGOS MANTENIMIENTO 2025.xlsx (incluye 2019-2025)
401,2020,8,Agosto,150,150.0,pagado,PAGOS MANTENIMIENTO 2025.xlsx (incluye 2019-2025)
402,2020,8,Agosto,150,0.0,pendiente,PAGOS MANTENIMIENTO 2025.xlsx (incluye 2019-2025)
403,2020,8,Agosto,150,150.0,pagado,PAGOS MANTENIMIENTO 2025.xlsx (incluye 2019-2025)
404,2020,8,Agosto,150,0.0,pendiente,PAGOS MANTENIMIENTO 2025.xlsx (incluye 2019-2025)
1,2020,9,Septiembre,150,150.0,pagado,PAGOS MANTENIMIENTO 2025.xlsx (incluye 2019-2025)
2,2020,9,Septiembre,150,150.0,pagado,PAGOS MANTENIMIENTO 2025.xlsx (incluye 2019-2025)
3,2020,9,Septiembre,150,150.0,pagado,PAGOS MANTENIMIENTO 2025.xlsx (incluye 2019-2025)
4,2020,9,Septiembre,150,150.0,pagado,PAGOS MANTENIMIENTO 2025.xlsx (incluye 2019-2025)
101,2020,9,Septiembre,150,150.0,pagado,PAGOS MANTENIMIENTO 2025.xlsx (incluye 2019-2025)
102,2020,9,Septiembre,150,150.0,pagado,PAGOS MANTENIMIENTO 2025.xlsx (incluye 2019-2025)
103,2020,9,Septiembre,150,150.0,pagado,PAGOS MANTENIMIENTO 2025.xlsx (incluye 2019-2025)
104,2020,9,Septiembre,150,150.0,pagado,PAGOS MANTENIMIENTO 2025.xlsx (incluye 2019-2025)
201,2020,9,Septiembre,150,150.0,pagado,PAGOS MANTENIMIENTO 2025.xlsx (incluye 2019-2025)
202,2020,9,Septiembre,150,150.0,pagado,PAGOS MANTENIMIENTO 2025.xlsx (incluye 2019-2025)
203,2020,9,Septiembre,150,150.0,pagado,PAGOS MANTENIMIENTO 2025.xlsx (incluye 2019-2025)
204,2020,9,Septiembre,150,0.0,pendiente,PAGOS MANTENIMIENTO 2025.xlsx (incluye 2019-2025)
301,2020,9,Septiembre,150,150.0,pagado,PAGOS MANTENIMIENTO 2025.xlsx (incluye 2019-2025)
302,2020,9,Septiembre,150,150.0,pagado,PAGOS MANTENIMIENTO 2025.xlsx (incluye 2019-2025)
303,2020,9,Septiembre,150,150.0,pagado,PAGOS MANTENIMIENTO 2025.xlsx (incluye 2019-2025)
304,2020,9,Septiembre,150,150.0,pagado,PAGOS MANTENIMIENTO 2025.xlsx (incluye 2019-2025)
401,2020,9,Septiembre,150,150.0,pagado,PAGOS MANTENIMIENTO 2025.xlsx (incluye 2019-2025)
402,2020,9,Septiembre,150,0.0,pendiente,PAGOS MANTENIMIENTO 2025.xlsx (incluye 2019-2025)
403,2020,9,Septiembre,150,150.0,pagado,PAGOS MANTENIMIENTO 2025.xlsx (incluye 2019-2025)
404,2020,9,Septiembre,150,0.0,pendiente,PAGOS MANTENIMIENTO 2025.xlsx (incluye 2019-2025)
1,2020,10,Octubre,150,150.0,pagado,PAGOS MANTENIMIENTO 2025.xlsx (incluye 2019-2025)
2,2020,10,Octubre,150,150.0,pagado,PAGOS MANTENIMIENTO 2025.xlsx (incluye 2019-2025)
3,2020,10,Octubre,150,150.0,pagado,PAGOS MANTENIMIENTO 2025.xlsx (incluye 2019-2025)
4,2020,10,Octubre,150,150.0,pagado,PAGOS MANTENIMIENTO 2025.xlsx (incluye 2019-2025)
101,2020,10,Octubre,150,150.0,pagado,PAGOS MANTENIMIENTO 2025.xlsx (incluye 2019-2025)
102,2020,10,Octubre,150,150.0,pagado,PAGOS MANTENIMIENTO 2025.xlsx (incluye 2019-2025)
103,2020,10,Octubre,150,150.0,pagado,PAGOS MANTENIMIENTO 2025.xlsx (incluye 2019-2025)
104,2020,10,Octubre,150,150.0,pagado,PAGOS MANTENIMIENTO 2025.xlsx (incluye 2019-2025)
201,2020,10,Octubre,150,150.0,pagado,PAGOS MANTENIMIENTO 2025.xlsx (incluye 2019-2025)
202,2020,10,Octubre,150,150.0,pagado,PAGOS MANTENIMIENTO 2025.xlsx (incluye 2019-2025)
203,2020,10,Octubre,150,150.0,pagado,PAGOS MANTENIMIENTO 2025.xlsx (incluye 2019-2025)
204,2020,10,Octubre,150,0.0,pendiente,PAGOS MANTENIMIENTO 2025.xlsx (incluye 2019-2025)
301,2020,10,Octubre,150,150.0,pagado,PAGOS MANTENIMIENTO 2025.xlsx (incluye 2019-2025)
302,2020,10,Octubre,150,150.0,pagado,PAGOS MANTENIMIENTO 2025.xlsx (incluye 2019-2025)
303,2020,10,Octubre,150,150.0,pagado,PAGOS MANTENIMIENTO 2025.xlsx (incluye 2019-2025)
304,2020,10,Octubre,150,150.0,pagado,PAGOS MANTENIMIENTO 2025.xlsx (incluye 2019-2025)
401,2020,10,Octubre,150,150.0,pagado,PAGOS MANTENIMIENTO 2025.xlsx (incluye 2019-2025)
402,2020,10,Octubre,150,0.0,pendiente,PAGOS MANTENIMIENTO 2025.xlsx (incluye 2019-2025)
403,2020,10,Octubre,150,150.0,pagado,PAGOS MANTENIMIENTO 2025.xlsx (incluye 2019-2025)
404,2020,10,Octubre,150,0.0,pendiente,PAGOS MANTENIMIENTO 2025.xlsx (incluye 2019-2025)
1,2020,11,Noviembre,150,150.0,pagado,PAGOS MANTENIMIENTO 2025.xlsx (incluye 2019-2025)
2,2020,11,Noviembre,150,150.0,pagado,PAGOS MANTENIMIENTO 2025.xlsx (incluye 2019-2025)
3,2020,11,Noviembre,150,150.0,pagado,PAGOS MANTENIMIENTO 2025.xlsx (incluye 2019-2025)
4,2020,11,Noviembre,150,150.0,pagado,PAGOS MANTENIMIENTO 2025.xlsx (incluye 2019-2025)
101,2020,11,Noviembre,150,150.0,pagado,PAGOS MANTENIMIENTO 2025.xlsx (incluye 2019-2025)
102,2020,11,Noviembre,150,150.0,pagado,PAGOS MANTENIMIENTO 2025.xlsx (incluye 2019-2025)
103,2020,11,Noviembre,150,150.0,pagado,PAGOS MANTENIMIENTO 2025.xlsx (incluye 2019-2025)
104,2020,11,Noviembre,150,150.0,pagado,PAGOS MANTENIMIENTO 2025.xlsx (incluye 2019-2025)
201,2020,11,Noviembre,150,150.0,pagado,PAGOS MANTENIMIENTO 2025.xlsx (incluye 2019-2025)
202,2020,11,Noviembre,150,150.0,pagado,PAGOS MANTENIMIENTO 2025.xlsx (incluye 2019-2025)
203,2020,11,Noviembre,150,150.0,pagado,PAGOS MANTENIMIENTO 2025.xlsx (incluye 2019-2025)
204,2020,11,Noviembre,150,0.0,pendiente,PAGOS MANTENIMIENTO 2025.xlsx (incluye 2019-2025)
301,2020,11,Noviembre,150,150.0,pagado,PAGOS MANTENIMIENTO 2025.xlsx (incluye 2019-2025)
302,2020,11,Noviembre,150,150.0,pagado,PAGOS MANTENIMIENTO 2025.xlsx (incluye 2019-2025)
303,2020,11,Noviembre,150,150.0,pagado,PAGOS MANTENIMIENTO 2025.xlsx (incluye 2019-2025)
304,2020,11,Noviembre,150,150.0,pagado,PAGOS MANTENIMIENTO 2025.xlsx (incluye 2019-2025)
401,2020,11,Noviembre,150,150.0,pagado,PAGOS MANTENIMIENTO 2025.xlsx (incluye 2019-2025)
402,2020,11,Noviembre,150,0.0,pendiente,PAGOS MANTENIMIENTO 2025.xlsx (incluye 2019-2025)
403,2020,11,Noviembre,150,150.0,pagado,PAGOS MANTENIMIENTO 2025.xlsx (incluye 2019-2025)
404,2020,11,Noviembre,150,0.0,pendiente,PAGOS MANTENIMIENTO 2025.xlsx (incluye 2019-2025)
1,2020,12,Diciembre,150,150.0,pagado,PAGOS MANTENIMIENTO 2025.xlsx (incluye 2019-2025)
2,2020,12,Diciembre,150,150.0,pagado,PAGOS MANTENIMIENTO 2025.xlsx (incluye 2019-2025)
3,2020,12,Diciembre,150,150.0,pagado,PAGOS MANTENIMIENTO 2025.xlsx (incluye 2019-2025)
4,2020,12,Diciembre,150,150.0,pagado,PAGOS MANTENIMIENTO 2025.xlsx (incluye 2019-2025)
101,2020,12,Diciembre,150,150.0,pagado,PAGOS MANTENIMIENTO 2025.xlsx (incluye 2019-2025)
102,2020,12,Diciembre,150,150.0,pagado,PAGOS MANTENIMIENTO 2025.xlsx (incluye 2019-2025)
103,2020,12,Diciembre,150,150.0,pagado,PAGOS MANTENIMIENTO 2025.xlsx (incluye 2019-2025)
104,2020,12,Diciembre,150,150.0,pagado,PAGOS MANTENIMIENTO 2025.xlsx (incluye 2019-2025)
201,2020,12,Diciembre,150,150.0,pagado,PAGOS MANTENIMIENTO 2025.xlsx (incluye 2019-2025)
202,2020,12,Diciembre,150,150.0,pagado,PAGOS MANTENIMIENTO 2025.xlsx (incluye 2019-2025)
203,2020,12,Diciembre,150,150.0,pagado,PAGOS MANTENIMIENTO 2025.xlsx (incluye 2019-2025)
204,2020,12,Diciembre,150,0.0,pendiente,PAGOS MANTENIMIENTO 2025.xlsx (incluye 2019-2025)
301,2020,12,Diciembre,150,150.0,pagado,PAGOS MANTENIMIENTO 2025.xlsx (incluye 2019-2025)
302,2020,12,Diciembre,150,150.0,pagado,PAGOS MANTENIMIENTO 2025.xlsx (incluye 2019-2025)
303,2020,12,Diciembre,150,150.0,pagado,PAGOS MANTENIMIENTO 2025.xlsx (incluye 2019-2025)
304,2020,12,Diciembre,150,150.0,pagado,PAGOS MANTENIMIENTO 2025.xlsx (incluye 2019-2025)
401,2020,12,Diciembre,150,150.0,pagado,PAGOS MANTENIMIENTO 2025.xlsx (incluye 2019-2025)
402,2020,12,Diciembre,150,150.0,pagado,PAGOS MANTENIMIENTO 2025.xlsx (incluye 2019-2025)
403,2020,12,Diciembre,150,150.0,pagado,PAGOS MANTENIMIENTO 2025.xlsx (incluye 2019-2025)
404,2020,12,Diciembre,150,0.0,pendiente,PAGOS MANTENIMIENTO 2025.xlsx (incluye 2019-2025)
1,2021,1,Enero,150,150.0,pagado,PAGOS MANTENIMIENTO 2025.xlsx (incluye 2019-2025)
2,2021,1,Enero,150,150.0,pagado,PAGOS MANTENIMIENTO 2025.xlsx (incluye 2019-2025)
3,2021,1,Enero,150,150.0,pagado,PAGOS MANTENIMIENTO 2025.xlsx (incluye 2019-2025)
4,2021,1,Enero,150,150.0,pagado,PAGOS MANTENIMIENTO 2025.xlsx (incluye 2019-2025)
101,2021,1,Enero,150,150.0,pagado,PAGOS MANTENIMIENTO 2025.xlsx (incluye 2019-2025)
102,2021,1,Enero,150,150.0,pagado,PAGOS MANTENIMIENTO 2025.xlsx (incluye 2019-2025)
103,2021,1,Enero,150,150.0,pagado,PAGOS MANTENIMIENTO 2025.xlsx (incluye 2019-2025)
104,2021,1,Enero,150,150.0,pagado,PAGOS MANTENIMIENTO 2025.xlsx (incluye 2019-2025)
201,2021,1,Enero,150,150.0,pagado,PAGOS MANTENIMIENTO 2025.xlsx (incluye 2019-2025)
202,2021,1,Enero,150,150.0,pagado,PAGOS MANTENIMIENTO 2025.xlsx (incluye 2019-2025)
203,2021,1,Enero,150,150.0,pagado,PAGOS MANTENIMIENTO 2025.xlsx (incluye 2019-2025)
204,2021,1,Enero,150,0.0,pendiente,PAGOS MANTENIMIENTO 2025.xlsx (incluye 2019-2025)
301,2021,1,Enero,150,150.0,pagado,PAGOS MANTENIMIENTO 2025.xlsx (incluye 2019-2025)
302,2021,1,Enero,150,150.0,pagado,PAGOS MANTENIMIENTO 2025.xlsx (incluye 2019-2025)
303,2021,1,Enero,150,150.0,pagado,PAGOS MANTENIMIENTO 2025.xlsx (incluye 2019-2025)
304,2021,1,Enero,150,150.0,pagado,PAGOS MANTENIMIENTO 2025.xlsx (incluye 2019-2025)
401,2021,1,Enero,150,150.0,pagado,PAGOS MANTENIMIENTO 2025.xlsx (incluye 2019-2025)
402,2021,1,Enero,150,150.0,pagado,PAGOS MANTENIMIENTO 2025.xlsx (incluye 2019-2025)
403,2021,1,Enero,150,0.0,pendiente,PAGOS MANTENIMIENTO 2025.xlsx (incluye 2019-2025)
404,2021,1,Enero,150,150.0,pagado,PAGOS MANTENIMIENTO 2025.xlsx (incluye 2019-2025)
1,2021,2,Febrero,150,150.0,pagado,PAGOS MANTENIMIENTO 2025.xlsx (incluye 2019-2025)
2,2021,2,Febrero,150,150.0,pagado,PAGOS MANTENIMIENTO 2025.xlsx (incluye 2019-2025)
3,2021,2,Febrero,150,150.0,pagado,PAGOS MANTENIMIENTO 2025.xlsx (incluye 2019-2025)
4,2021,2,Febrero,150,150.0,pagado,PAGOS MANTENIMIENTO 2025.xlsx (incluye 2019-2025)
101,2021,2,Febrero,150,150.0,pagado,PAGOS MANTENIMIENTO 2025.xlsx (incluye 2019-2025)
102,2021,2,Febrero,150,150.0,pagado,PAGOS MANTENIMIENTO 2025.xlsx (incluye 2019-2025)
103,2021,2,Febrero,150,150.0,pagado,PAGOS MANTENIMIENTO 2025.xlsx (incluye 2019-2025)
104,2021,2,Febrero,150,150.0,pagado,PAGOS MANTENIMIENTO 2025.xlsx (incluye 2019-2025)
201,2021,2,Febrero,150,150.0,pagado,PAGOS MANTENIMIENTO 2025.xlsx (incluye 2019-2025)
202,2021,2,Febrero,150,150.0,pagado,PAGOS MANTENIMIENTO 2025.xlsx (incluye 2019-2025)
203,2021,2,Febrero,150,150.0,pagado,PAGOS MANTENIMIENTO 2025.xlsx (incluye 2019-2025)
204,2021,2,Febrero,150,0.0,pendiente,PAGOS MANTENIMIENTO 2025.xlsx (incluye 2019-2025)
301,2021,2,Febrero,150,150.0,pagado,PAGOS MANTENIMIENTO 2025.xlsx (incluye 2019-2025)
302,2021,2,Febrero,150,150.0,pagado,PAGOS MANTENIMIENTO 2025.xlsx (incluye 2019-2025)
303,2021,2,Febrero,150,150.0,pagado,PAGOS MANTENIMIENTO 2025.xlsx (incluye 2019-2025)
304,2021,2,Febrero,150,150.0,pagado,PAGOS MANTENIMIENTO 2025.xlsx (incluye 2019-2025)
401,2021,2,Febrero,150,150.0,pagado,PAGOS MANTENIMIENTO 2025.xlsx (incluye 2019-2025)
402,2021,2,Febrero,150,150.0,pagado,PAGOS MANTENIMIENTO 2025.xlsx (incluye 2019-2025)
403,2021,2,Febrero,150,50.0,parcial,PAGOS MANTENIMIENTO 2025.xlsx (incluye 2019-2025)
404,2021,2,Febrero,150,150.0,pagado,PAGOS MANTENIMIENTO 2025.xlsx (incluye 2019-2025)
1,2021,3,Marzo,150,0.0,pendiente,PAGOS MANTENIMIENTO 2025.xlsx (incluye 2019-2025)
2,2021,3,Marzo,150,150.0,pagado,PAGOS MANTENIMIENTO 2025.xlsx (incluye 2019-2025)
3,2021,3,Marzo,150,150.0,pagado,PAGOS MANTENIMIENTO 2025.xlsx (incluye 2019-2025)
4,2021,3,Marzo,150,150.0,pagado,PAGOS MANTENIMIENTO 2025.xlsx (incluye 2019-2025)
101,2021,3,Marzo,150,150.0,pagado,PAGOS MANTENIMIENTO 2025.xlsx (incluye 2019-2025)
102,2021,3,Marzo,150,150.0,pagado,PAGOS MANTENIMIENTO 2025.xlsx (incluye 2019-2025)
103,2021,3,Marzo,150,150.0,pagado,PAGOS MANTENIMIENTO 2025.xlsx (incluye 2019-2025)
104,2021,3,Marzo,150,150.0,pagado,PAGOS MANTENIMIENTO 2025.xlsx (incluye 2019-2025)
201,2021,3,Marzo,150,150.0,pagado,PAGOS MANTENIMIENTO 2025.xlsx (incluye 2019-2025)
202,2021,3,Marzo,150,150.0,pagado,PAGOS MANTENIMIENTO 2025.xlsx (incluye 2019-2025)
203,2021,3,Marzo,150,150.0,pagado,PAGOS MANTENIMIENTO 2025.xlsx (incluye 2019-2025)
204,2021,3,Marzo,150,0.0,pendiente,PAGOS MANTENIMIENTO 2025.xlsx (incluye 2019-2025)
301,2021,3,Marzo,150,150.0,pagado,PAGOS MANTENIMIENTO 2025.xlsx (incluye 2019-2025)
302,2021,3,Marzo,150,150.0,pagado,PAGOS MANTENIMIENTO 2025.xlsx (incluye 2019-2025)
303,2021,3,Marzo,150,150.0,pagado,PAGOS MANTENIMIENTO 2025.xlsx (incluye 2019-2025)
304,2021,3,Marzo,150,150.0,pagado,PAGOS MANTENIMIENTO 2025.xlsx (incluye 2019-2025)
401,2021,3,Marzo,150,150.0,pagado,PAGOS MANTENIMIENTO 2025.xlsx (incluye 2019-2025)
402,2021,3,Marzo,150,150.0,pagado,PAGOS MANTENIMIENTO 2025.xlsx (incluye 2019-2025)
403,2021,3,Marzo,150,150.0,pagado,PAGOS MANTENIMIENTO 2025.xlsx (incluye 2019-2025)
404,2021,3,Marzo,150,150.0,pagado,PAGOS MANTENIMIENTO 2025.xlsx (incluye 2019-2025)
1,2021,4,Abril,150,0.0,pendiente,PAGOS MANTENIMIENTO 2025.xlsx (incluye 2019-2025)
2,2021,4,Abril,150,150.0,pagado,PAGOS MANTENIMIENTO 2025.xlsx (incluye 2019-2025)
3,2021,4,Abril,150,150.0,pagado,PAGOS MANTENIMIENTO 2025.xlsx (incluye 2019-2025)
4,2021,4,Abril,150,150.0,pagado,PAGOS MANTENIMIENTO 2025.xlsx (incluye 2019-2025)
101,2021,4,Abril,150,150.0,pagado,PAGOS MANTENIMIENTO 2025.xlsx (incluye 2019-2025)
102,2021,4,Abril,150,150.0,pagado,PAGOS MANTENIMIENTO 2025.xlsx (incluye 2019-2025)
103,2021,4,Abril,150,150.0,pagado,PAGOS MANTENIMIENTO 2025.xlsx (incluye 2019-2025)
104,2021,4,Abril,150,150.0,pagado,PAGOS MANTENIMIENTO 2025.xlsx (incluye 2019-2025)
201,2021,4,Abril,150,150.0,pagado,PAGOS MANTENIMIENTO 2025.xlsx (incluye 2019-2025)
202,2021,4,Abril,150,150.0,pagado,PAGOS MANTENIMIENTO 2025.xlsx (incluye 2019-2025)
203,2021,4,Abril,150,150.0,pagado,PAGOS MANTENIMIENTO 2025.xlsx (incluye 2019-2025)
204,2021,4,Abril,150,0.0,pendiente,PAGOS MANTENIMIENTO 2025.xlsx (incluye 2019-2025)
301,2021,4,Abril,150,150.0,pagado,PAGOS MANTENIMIENTO 2025.xlsx (incluye 2019-2025)
302,2021,4,Abril,150,150.0,pagado,PAGOS MANTENIMIENTO 2025.xlsx (incluye 2019-2025)
303,2021,4,Abril,150,150.0,pagado,PAGOS MANTENIMIENTO 2025.xlsx (incluye 2019-2025)
304,2021,4,Abril,150,150.0,pagado,PAGOS MANTENIMIENTO 2025.xlsx (incluye 2019-2025)
401,2021,4,Abril,150,150.0,pagado,PAGOS MANTENIMIENTO 2025.xlsx (incluye 2019-2025)
402,2021,4,Abril,150,150.0,pagado,PAGOS MANTENIMIENTO 2025.xlsx (incluye 2019-2025)
403,2021,4,Abril,150,150.0,pagado,PAGOS MANTENIMIENTO 2025.xlsx (incluye 2019-2025)
404,2021,4,Abril,150,150.0,pagado,PAGOS MANTENIMIENTO 2025.xlsx (incluye 2019-2025)
1,2021,5,Mayo,150,0.0,pendiente,PAGOS MANTENIMIENTO 2025.xlsx (incluye 2019-2025)
2,2021,5,Mayo,150,150.0,pagado,PAGOS MANTENIMIENTO 2025.xlsx (incluye 2019-2025)
3,2021,5,Mayo,150,150.0,pagado,PAGOS MANTENIMIENTO 2025.xlsx (incluye 2019-2025)
4,2021,5,Mayo,150,150.0,pagado,PAGOS MANTENIMIENTO 2025.xlsx (incluye 2019-2025)
101,2021,5,Mayo,150,150.0,pagado,PAGOS MANTENIMIENTO 2025.xlsx (incluye 2019-2025)
102,2021,5,Mayo,150,150.0,pagado,PAGOS MANTENIMIENTO 2025.xlsx (incluye 2019-2025)
103,2021,5,Mayo,150,150.0,pagado,PAGOS MANTENIMIENTO 2025.xlsx (incluye 2019-2025)
104,2021,5,Mayo,150,150.0,pagado,PAGOS MANTENIMIENTO 2025.xlsx (incluye 2019-2025)
201,2021,5,Mayo,150,150.0,pagado,PAGOS MANTENIMIENTO 2025.xlsx (incluye 2019-2025)
202,2021,5,Mayo,150,150.0,pagado,PAGOS MANTENIMIENTO 2025.xlsx (incluye 2019-2025)
203,2021,5,Mayo,150,0.0,pendiente,PAGOS MANTENIMIENTO 2025.xlsx (incluye 2019-2025)
204,2021,5,Mayo,150,0.0,pendiente,PAGOS MANTENIMIENTO 2025.xlsx (incluye 2019-2025)
301,2021,5,Mayo,150,150.0,pagado,PAGOS MANTENIMIENTO 2025.xlsx (incluye 2019-2025)
302,2021,5,Mayo,150,150.0,pagado,PAGOS MANTENIMIENTO 2025.xlsx (incluye 2019-2025)
303,2021,5,Mayo,150,150.0,pagado,PAGOS MANTENIMIENTO 2025.xlsx (incluye 2019-2025)
304,2021,5,Mayo,150,150.0,pagado,PAGOS MANTENIMIENTO 2025.xlsx (incluye 2019-2025)
401,2021,5,Mayo,150,150.0,pagado,PAGOS MANTENIMIENTO 2025.xlsx (incluye 2019-2025)
402,2021,5,Mayo,150,150.0,pagado,PAGOS MANTENIMIENTO 2025.xlsx (incluye 2019-2025)
403,2021,5,Mayo,150,150.0,pagado,PAGOS MANTENIMIENTO 2025.xlsx (incluye 2019-2025)
404,2021,5,Mayo,150,150.0,pagado,PAGOS MANTENIMIENTO 2025.xlsx (incluye 2019-2025)
1,2021,6,Junio,150,0.0,pendiente,PAGOS MANTENIMIENTO 2025.xlsx (incluye 2019-2025)
2,2021,6,Junio,150,150.0,pagado,PAGOS MANTENIMIENTO 2025.xlsx (incluye 2019-2025)
3,2021,6,Junio,150,150.0,pagado,PAGOS MANTENIMIENTO 2025.xlsx (incluye 2019-2025)
4,2021,6,Junio,150,0.0,pendiente,PAGOS MANTENIMIENTO 2025.xlsx (incluye 2019-2025)
101,2021,6,Junio,150,150.0,pagado,PAGOS MANTENIMIENTO 2025.xlsx (incluye 2019-2025)
102,2021,6,Junio,150,150.0,pagado,PAGOS MANTENIMIENTO 2025.xlsx (incluye 2019-2025)
103,2021,6,Junio,150,0.0,pendiente,PAGOS MANTENIMIENTO 2025.xlsx (incluye 2019-2025)
104,2021,6,Junio,150,150.0,pagado,PAGOS MANTENIMIENTO 2025.xlsx (incluye 2019-2025)
201,2021,6,Junio,150,150.0,pagado,PAGOS MANTENIMIENTO 2025.xlsx (incluye 2019-2025)
202,2021,6,Junio,150,150.0,pagado,PAGOS MANTENIMIENTO 2025.xlsx (incluye 2019-2025)
203,2021,6,Junio,150,0.0,pendiente,PAGOS MANTENIMIENTO 2025.xlsx (incluye 2019-2025)
204,2021,6,Junio,150,0.0,pendiente,PAGOS MANTENIMIENTO 2025.xlsx (incluye 2019-2025)
301,2021,6,Junio,150,150.0,pagado,PAGOS MANTENIMIENTO 2025.xlsx (incluye 2019-2025)
302,2021,6,Junio,150,150.0,pagado,PAGOS MANTENIMIENTO 2025.xlsx (incluye 2019-2025)
303,2021,6,Junio,150,150.0,pagado,PAGOS MANTENIMIENTO 2025.xlsx (incluye 2019-2025)
304,2021,6,Junio,150,150.0,pagado,PAGOS MANTENIMIENTO 2025.xlsx (incluye 2019-2025)
401,2021,6,Junio,150,150.0,pagado,PAGOS MANTENIMIENTO 2025.xlsx (incluye 2019-2025)
402,2021,6,Junio,150,150.0,pagado,PAGOS MANTENIMIENTO 2025.xlsx (incluye 2019-2025)
403,2021,6,Junio,150,150.0,pagado,PAGOS MANTENIMIENTO 2025.xlsx (incluye 2019-2025)
404,2021,6,Junio,150,150.0,pagado,PAGOS MANTENIMIENTO 2025.xlsx (incluye 2019-2025)
1,2021,7,Julio,150,0.0,pendiente,PAGOS MANTENIMIENTO 2025.xlsx (incluye 2019-2025)
2,2021,7,Julio,150,150.0,pagado,PAGOS MANTENIMIENTO 2025.xlsx (incluye 2019-2025)
3,2021,7,Julio,150,150.0,pagado,PAGOS MANTENIMIENTO 2025.xlsx (incluye 2019-2025)
4,2021,7,Julio,150,0.0,pendiente,PAGOS MANTENIMIENTO 2025.xlsx (incluye 2019-2025)
101,2021,7,Julio,150,150.0,pagado,PAGOS MANTENIMIENTO 2025.xlsx (incluye 2019-2025)
102,2021,7,Julio,150,150.0,pagado,PAGOS MANTENIMIENTO 2025.xlsx (incluye 2019-2025)
103,2021,7,Julio,150,0.0,pendiente,PAGOS MANTENIMIENTO 2025.xlsx (incluye 2019-2025)
104,2021,7,Julio,150,150.0,pagado,PAGOS MANTENIMIENTO 2025.xlsx (incluye 2019-2025)
201,2021,7,Julio,150,150.0,pagado,PAGOS MANTENIMIENTO 2025.xlsx (incluye 2019-2025)
202,2021,7,Julio,150,150.0,pagado,PAGOS MANTENIMIENTO 2025.xlsx (incluye 2019-2025)
203,2021,7,Julio,150,0.0,pendiente,PAGOS MANTENIMIENTO 2025.xlsx (incluye 2019-2025)
204,2021,7,Julio,150,0.0,pendiente,PAGOS MANTENIMIENTO 2025.xlsx (incluye 2019-2025)
301,2021,7,Julio,150,150.0,pagado,PAGOS MANTENIMIENTO 2025.xlsx (incluye 2019-2025)
302,2021,7,Julio,150,150.0,pagado,PAGOS MANTENIMIENTO 2025.xlsx (incluye 2019-2025)
303,2021,7,Julio,150,150.0,pagado,PAGOS MANTENIMIENTO 2025.xlsx (incluye 2019-2025)
304,2021,7,Julio,150,150.0,pagado,PAGOS MANTENIMIENTO 2025.xlsx (incluye 2019-2025)
401,2021,7,Julio,150,150.0,pagado,PAGOS MANTENIMIENTO 2025.xlsx (incluye 2019-2025)
402,2021,7,Julio,150,150.0,pagado,PAGOS MANTENIMIENTO 2025.xlsx (incluye 2019-2025)
403,2021,7,Julio,150,150.0,pagado,PAGOS MANTENIMIENTO 2025.xlsx (incluye 2019-2025)
404,2021,7,Julio,150,150.0,pagado,PAGOS MANTENIMIENTO 2025.xlsx (incluye 2019-2025)
1,2021,8,Agosto,150,0.0,pendiente,PAGOS MANTENIMIENTO 2025.xlsx (incluye 2019-2025)
2,2021,8,Agosto,150,150.0,pagado,PAGOS MANTENIMIENTO 2025.xlsx (incluye 2019-2025)
3,2021,8,Agosto,150,150.0,pagado,PAGOS MANTENIMIENTO 2025.xlsx (incluye 2019-2025)
4,2021,8,Agosto,150,0.0,pendiente,PAGOS MANTENIMIENTO 2025.xlsx (incluye 2019-2025)
101,2021,8,Agosto,150,150.0,pagado,PAGOS MANTENIMIENTO 2025.xlsx (incluye 2019-2025)
102,2021,8,Agosto,150,150.0,pagado,PAGOS MANTENIMIENTO 2025.xlsx (incluye 2019-2025)
103,2021,8,Agosto,150,0.0,pendiente,PAGOS MANTENIMIENTO 2025.xlsx (incluye 2019-2025)
104,2021,8,Agosto,150,0.0,pendiente,PAGOS MANTENIMIENTO 2025.xlsx (incluye 2019-2025)
201,2021,8,Agosto,150,150.0,pagado,PAGOS MANTENIMIENTO 2025.xlsx (incluye 2019-2025)
202,2021,8,Agosto,150,150.0,pagado,PAGOS MANTENIMIENTO 2025.xlsx (incluye 2019-2025)
203,2021,8,Agosto,150,0.0,pendiente,PAGOS MANTENIMIENTO 2025.xlsx (incluye 2019-2025)
204,2021,8,Agosto,150,0.0,pendiente,PAGOS MANTENIMIENTO 2025.xlsx (incluye 2019-2025)
301,2021,8,Agosto,150,150.0,pagado,PAGOS MANTENIMIENTO 2025.xlsx (incluye 2019-2025)
302,2021,8,Agosto,150,150.0,pagado,PAGOS MANTENIMIENTO 2025.xlsx (incluye 2019-2025)
303,2021,8,Agosto,150,150.0,pagado,PAGOS MANTENIMIENTO 2025.xlsx (incluye 2019-2025)
304,2021,8,Agosto,150,150.0,pagado,PAGOS MANTENIMIENTO 2025.xlsx (incluye 2019-2025)
401,2021,8,Agosto,150,150.0,pagado,PAGOS MANTENIMIENTO 2025.xlsx (incluye 2019-2025)
402,2021,8,Agosto,150,150.0,pagado,PAGOS MANTENIMIENTO 2025.xlsx (incluye 2019-2025)
403,2021,8,Agosto,150,150.0,pagado,PAGOS MANTENIMIENTO 2025.xlsx (incluye 2019-2025)
404,2021,8,Agosto,150,150.0,pagado,PAGOS MANTENIMIENTO 2025.xlsx (incluye 2019-2025)
1,2021,9,Septiembre,150,0.0,pendiente,PAGOS MANTENIMIENTO 2025.xlsx (incluye 2019-2025)
2,2021,9,Septiembre,150,150.0,pagado,PAGOS MANTENIMIENTO 2025.xlsx (incluye 2019-2025)
3,2021,9,Septiembre,150,150.0,pagado,PAGOS MANTENIMIENTO 2025.xlsx (incluye 2019-2025)
4,2021,9,Septiembre,150,0.0,pendiente,PAGOS MANTENIMIENTO 2025.xlsx (incluye 2019-2025)
101,2021,9,Septiembre,150,150.0,pagado,PAGOS MANTENIMIENTO 2025.xlsx (incluye 2019-2025)
102,2021,9,Septiembre,150,150.0,pagado,PAGOS MANTENIMIENTO 2025.xlsx (incluye 2019-2025)
103,2021,9,Septiembre,150,0.0,pendiente,PAGOS MANTENIMIENTO 2025.xlsx (incluye 2019-2025)
104,2021,9,Septiembre,150,0.0,pendiente,PAGOS MANTENIMIENTO 2025.xlsx (incluye 2019-2025)
201,2021,9,Septiembre,150,150.0,pagado,PAGOS MANTENIMIENTO 2025.xlsx (incluye 2019-2025)
202,2021,9,Septiembre,150,150.0,pagado,PAGOS MANTENIMIENTO 2025.xlsx (incluye 2019-2025)
203,2021,9,Septiembre,150,0.0,pendiente,PAGOS MANTENIMIENTO 2025.xlsx (incluye 2019-2025)
204,2021,9,Septiembre,150,0.0,pendiente,PAGOS MANTENIMIENTO 2025.xlsx (incluye 2019-2025)
301,2021,9,Septiembre,150,150.0,pagado,PAGOS MANTENIMIENTO 2025.xlsx (incluye 2019-2025)
302,2021,9,Septiembre,150,150.0,pagado,PAGOS MANTENIMIENTO 2025.xlsx (incluye 2019-2025)
303,2021,9,Septiembre,150,150.0,pagado,PAGOS MANTENIMIENTO 2025.xlsx (incluye 2019-2025)
304,2021,9,Septiembre,150,150.0,pagado,PAGOS MANTENIMIENTO 2025.xlsx (incluye 2019-2025)
401,2021,9,Septiembre,150,150.0,pagado,PAGOS MANTENIMIENTO 2025.xlsx (incluye 2019-2025)
402,2021,9,Septiembre,150,150.0,pagado,PAGOS MANTENIMIENTO 2025.xlsx (incluye 2019-2025)
403,2021,9,Septiembre,150,150.0,pagado,PAGOS MANTENIMIENTO 2025.xlsx (incluye 2019-2025)
404,2021,9,Septiembre,150,150.0,pagado,PAGOS MANTENIMIENTO 2025.xlsx (incluye 2019-2025)
1,2021,10,Octubre,150,0.0,pendiente,PAGOS MANTENIMIENTO 2025.xlsx (incluye 2019-2025)
2,2021,10,Octubre,150,150.0,pagado,PAGOS MANTENIMIENTO 2025.xlsx (incluye 2019-2025)
3,2021,10,Octubre,150,150.0,pagado,PAGOS MANTENIMIENTO 2025.xlsx (incluye 2019-2025)
4,2021,10,Octubre,150,0.0,pendiente,PAGOS MANTENIMIENTO 2025.xlsx (incluye 2019-2025)
101,2021,10,Octubre,150,150.0,pagado,PAGOS MANTENIMIENTO 2025.xlsx (incluye 2019-2025)
102,2021,10,Octubre,150,150.0,pagado,PAGOS MANTENIMIENTO 2025.xlsx (incluye 2019-2025)
103,2021,10,Octubre,150,0.0,pendiente,PAGOS MANTENIMIENTO 2025.xlsx (incluye 2019-2025)
104,2021,10,Octubre,150,0.0,pendiente,PAGOS MANTENIMIENTO 2025.xlsx (incluye 2019-2025)
201,2021,10,Octubre,150,150.0,pagado,PAGOS MANTENIMIENTO 2025.xlsx (incluye 2019-2025)
202,2021,10,Octubre,150,150.0,pagado,PAGOS MANTENIMIENTO 2025.xlsx (incluye 2019-2025)
203,2021,10,Octubre,150,0.0,pendiente,PAGOS MANTENIMIENTO 2025.xlsx (incluye 2019-2025)
204,2021,10,Octubre,150,0.0,pendiente,PAGOS MANTENIMIENTO 2025.xlsx (incluye 2019-2025)
301,2021,10,Octubre,150,150.0,pagado,PAGOS MANTENIMIENTO 2025.xlsx (incluye 2019-2025)
302,2021,10,Octubre,150,150.0,pagado,PAGOS MANTENIMIENTO 2025.xlsx (incluye 2019-2025)
303,2021,10,Octubre,150,150.0,pagado,PAGOS MANTENIMIENTO 2025.xlsx (incluye 2019-2025)
304,2021,10,Octubre,150,150.0,pagado,PAGOS MANTENIMIENTO 2025.xlsx (incluye 2019-2025)
401,2021,10,Octubre,150,150.0,pagado,PAGOS MANTENIMIENTO 2025.xlsx (incluye 2019-2025)
402,2021,10,Octubre,150,150.0,pagado,PAGOS MANTENIMIENTO 2025.xlsx (incluye 2019-2025)
403,2021,10,Octubre,150,150.0,pagado,PAGOS MANTENIMIENTO 2025.xlsx (incluye 2019-2025)
404,2021,10,Octubre,150,150.0,pagado,PAGOS MANTENIMIENTO 2025.xlsx (incluye 2019-2025)
1,2021,11,Noviembre,150,0.0,pendiente,PAGOS MANTENIMIENTO 2025.xlsx (incluye 2019-2025)
2,2021,11,Noviembre,150,150.0,pagado,PAGOS MANTENIMIENTO 2025.xlsx (incluye 2019-2025)
3,2021,11,Noviembre,150,150.0,pagado,PAGOS MANTENIMIENTO 2025.xlsx (incluye 2019-2025)
4,2021,11,Noviembre,150,0.0,pendiente,PAGOS MANTENIMIENTO 2025.xlsx (incluye 2019-2025)
101,2021,11,Noviembre,150,150.0,pagado,PAGOS MANTENIMIENTO 2025.xlsx (incluye 2019-2025)
102,2021,11,Noviembre,150,150.0,pagado,PAGOS MANTENIMIENTO 2025.xlsx (incluye 2019-2025)
103,2021,11,Noviembre,150,0.0,pendiente,PAGOS MANTENIMIENTO 2025.xlsx (incluye 2019-2025)
104,2021,11,Noviembre,150,0.0,pendiente,PAGOS MANTENIMIENTO 2025.xlsx (incluye 2019-2025)
201,2021,11,Noviembre,150,150.0,pagado,PAGOS MANTENIMIENTO 2025.xlsx (incluye 2019-2025)
202,2021,11,Noviembre,150,150.0,pagado,PAGOS MANTENIMIENTO 2025.xlsx (incluye 2019-2025)
203,2021,11,Noviembre,150,0.0,pendiente,PAGOS MANTENIMIENTO 2025.xlsx (incluye 2019-2025)
204,2021,11,Noviembre,150,0.0,pendiente,PAGOS MANTENIMIENTO 2025.xlsx (incluye 2019-2025)
301,2021,11,Noviembre,150,150.0,pagado,PAGOS MANTENIMIENTO 2025.xlsx (incluye 2019-2025)
302,2021,11,Noviembre,150,150.0,pagado,PAGOS MANTENIMIENTO 2025.xlsx (incluye 2019-2025)
303,2021,11,Noviembre,150,150.0,pagado,PAGOS MANTENIMIENTO 2025.xlsx (incluye 2019-2025)
304,2021,11,Noviembre,150,150.0,pagado,PAGOS MANTENIMIENTO 2025.xlsx (incluye 2019-2025)
401,2021,11,Noviembre,150,150.0,pagado,PAGOS MANTENIMIENTO 2025.xlsx (incluye 2019-2025)
402,2021,11,Noviembre,150,150.0,pagado,PAGOS MANTENIMIENTO 2025.xlsx (incluye 2019-2025)
403,2021,11,Noviembre,150,150.0,pagado,PAGOS MANTENIMIENTO 2025.xlsx (incluye 2019-2025)
404,2021,11,Noviembre,150,150.0,pagado,PAGOS MANTENIMIENTO 2025.xlsx (incluye 2019-2025)
1,2021,12,Diciembre,150,0.0,pendiente,PAGOS MANTENIMIENTO 2025.xlsx (incluye 2019-2025)
2,2021,12,Diciembre,150,150.0,pagado,PAGOS MANTENIMIENTO 2025.xlsx (incluye 2019-2025)
3,2021,12,Diciembre,150,150.0,pagado,PAGOS MANTENIMIENTO 2025.xlsx (incluye 2019-2025)
4,2021,12,Diciembre,150,0.0,pendiente,PAGOS MANTENIMIENTO 2025.xlsx (incluye 2019-2025)
101,2021,12,Diciembre,150,150.0,pagado,PAGOS MANTENIMIENTO 2025.xlsx (incluye 2019-2025)
102,2021,12,Diciembre,150,150.0,pagado,PAGOS MANTENIMIENTO 2025.xlsx (incluye 2019-2025)
103,2021,12,Diciembre,150,0.0,pendiente,PAGOS MANTENIMIENTO 2025.xlsx (incluye 2019-2025)
104,2021,12,Diciembre,150,0.0,pendiente,PAGOS MANTENIMIENTO 2025.xlsx (incluye 2019-2025)
201,2021,12,Diciembre,150,150.0,pagado,PAGOS MANTENIMIENTO 2025.xlsx (incluye 2019-2025)
202,2021,12,Diciembre,150,150.0,pagado,PAGOS MANTENIMIENTO 2025.xlsx (incluye 2019-2025)
203,2021,12,Diciembre,150,0.0,pendiente,PAGOS MANTENIMIENTO 2025.xlsx (incluye 2019-2025)
204,2021,12,Diciembre,150,0.0,pendiente,PAGOS MANTENIMIENTO 2025.xlsx (incluye 2019-2025)
301,2021,12,Diciembre,150,150.0,pagado,PAGOS MANTENIMIENTO 2025.xlsx (incluye 2019-2025)
302,2021,12,Diciembre,150,150.0,pagado,PAGOS MANTENIMIENTO 2025.xlsx (incluye 2019-2025)
303,2021,12,Diciembre,150,150.0,pagado,PAGOS MANTENIMIENTO 2025.xlsx (incluye 2019-2025)
304,2021,12,Diciembre,150,150.0,pagado,PAGOS MANTENIMIENTO 2025.xlsx (incluye 2019-2025)
401,2021,12,Diciembre,150,150.0,pagado,PAGOS MANTENIMIENTO 2025.xlsx (incluye 2019-2025)
402,2021,12,Diciembre,150,150.0,pagado,PAGOS MANTENIMIENTO 2025.xlsx (incluye 2019-2025)
403,2021,12,Diciembre,150,150.0,pagado,PAGOS MANTENIMIENTO 2025.xlsx (incluye 2019-2025)
404,2021,12,Diciembre,150,150.0,pagado,PAGOS MANTENIMIENTO 2025.xlsx (incluye 2019-2025)
1,2022,1,Enero,150,0.0,pendiente,PAGOS MANTENIMIENTO 2025.xlsx (incluye 2019-2025)
2,2022,1,Enero,150,150.0,pagado,PAGOS MANTENIMIENTO 2025.xlsx (incluye 2019-2025)
3,2022,1,Enero,150,150.0,pagado,PAGOS MANTENIMIENTO 2025.xlsx (incluye 2019-2025)
4,2022,1,Enero,150,0.0,pendiente,PAGOS MANTENIMIENTO 2025.xlsx (incluye 2019-2025)
101,2022,1,Enero,150,150.0,pagado,PAGOS MANTENIMIENTO 2025.xlsx (incluye 2019-2025)
102,2022,1,Enero,150,150.0,pagado,PAGOS MANTENIMIENTO 2025.xlsx (incluye 2019-2025)
103,2022,1,Enero,150,0.0,pendiente,PAGOS MANTENIMIENTO 2025.xlsx (incluye 2019-2025)
104,2022,1,Enero,150,0.0,pendiente,PAGOS MANTENIMIENTO 2025.xlsx (incluye 2019-2025)
201,2022,1,Enero,150,150.0,pagado,PAGOS MANTENIMIENTO 2025.xlsx (incluye 2019-2025)
202,2022,1,Enero,150,150.0,pagado,PAGOS MANTENIMIENTO 2025.xlsx (incluye 2019-2025)
203,2022,1,Enero,150,0.0,pendiente,PAGOS MANTENIMIENTO 2025.xlsx (incluye 2019-2025)
204,2022,1,Enero,150,0.0,pendiente,PAGOS MANTENIMIENTO 2025.xlsx (incluye 2019-2025)
301,2022,1,Enero,150,150.0,pagado,PAGOS MANTENIMIENTO 2025.xlsx (incluye 2019-2025)
302,2022,1,Enero,150,150.0,pagado,PAGOS MANTENIMIENTO 2025.xlsx (incluye 2019-2025)
303,2022,1,Enero,150,150.0,pagado,PAGOS MANTENIMIENTO 2025.xlsx (incluye 2019-2025)
304,2022,1,Enero,150,150.0,pagado,PAGOS MANTENIMIENTO 2025.xlsx (incluye 2019-2025)
401,2022,1,Enero,150,150.0,pagado,PAGOS MANTENIMIENTO 2025.xlsx (incluye 2019-2025)
402,2022,1,Enero,150,150.0,pagado,PAGOS MANTENIMIENTO 2025.xlsx (incluye 2019-2025)
403,2022,1,Enero,150,0.0,pendiente,PAGOS MANTENIMIENTO 2025.xlsx (incluye 2019-2025)
404,2022,1,Enero,150,150.0,pagado,PAGOS MANTENIMIENTO 2025.xlsx (incluye 2019-2025)
1,2022,2,Febrero,150,0.0,pendiente,PAGOS MANTENIMIENTO 2025.xlsx (incluye 2019-2025)
2,2022,2,Febrero,150,150.0,pagado,PAGOS MANTENIMIENTO 2025.xlsx (incluye 2019-2025)
3,2022,2,Febrero,150,150.0,pagado,PAGOS MANTENIMIENTO 2025.xlsx (incluye 2019-2025)
4,2022,2,Febrero,150,150.0,pagado,PAGOS MANTENIMIENTO 2025.xlsx (incluye 2019-2025)
101,2022,2,Febrero,150,150.0,pagado,PAGOS MANTENIMIENTO 2025.xlsx (incluye 2019-2025)
102,2022,2,Febrero,150,150.0,pagado,PAGOS MANTENIMIENTO 2025.xlsx (incluye 2019-2025)
103,2022,2,Febrero,150,0.0,pendiente,PAGOS MANTENIMIENTO 2025.xlsx (incluye 2019-2025)
104,2022,2,Febrero,150,0.0,pendiente,PAGOS MANTENIMIENTO 2025.xlsx (incluye 2019-2025)
201,2022,2,Febrero,150,150.0,pagado,PAGOS MANTENIMIENTO 2025.xlsx (incluye 2019-2025)
202,2022,2,Febrero,150,150.0,pagado,PAGOS MANTENIMIENTO 2025.xlsx (incluye 2019-2025)
203,2022,2,Febrero,150,0.0,pendiente,PAGOS MANTENIMIENTO 2025.xlsx (incluye 2019-2025)
204,2022,2,Febrero,150,0.0,pendiente,PAGOS MANTENIMIENTO 2025.xlsx (incluye 2019-2025)
301,2022,2,Febrero,150,150.0,pagado,PAGOS MANTENIMIENTO 2025.xlsx (incluye 2019-2025)
302,2022,2,Febrero,150,150.0,pagado,PAGOS MANTENIMIENTO 2025.xlsx (incluye 2019-2025)
303,2022,2,Febrero,150,150.0,pagado,PAGOS MANTENIMIENTO 2025.xlsx (incluye 2019-2025)
304,2022,2,Febrero,150,150.0,pagado,PAGOS MANTENIMIENTO 2025.xlsx (incluye 2019-2025)
401,2022,2,Febrero,150,150.0,pagado,PAGOS MANTENIMIENTO 2025.xlsx (incluye 2019-2025)
402,2022,2,Febrero,150,150.0,pagado,PAGOS MANTENIMIENTO 2025.xlsx (incluye 2019-2025)
403,2022,2,Febrero,150,0.0,pendiente,PAGOS MANTENIMIENTO 2025.xlsx (incluye 2019-2025)
404,2022,2,Febrero,150,150.0,pagado,PAGOS MANTENIMIENTO 2025.xlsx (incluye 2019-2025)
1,2022,3,Marzo,150,0.0,pendiente,PAGOS MANTENIMIENTO 2025.xlsx (incluye 2019-2025)
2,2022,3,Marzo,150,150.0,pagado,PAGOS MANTENIMIENTO 2025.xlsx (incluye 2019-2025)
3,2022,3,Marzo,150,150.0,pagado,PAGOS MANTENIMIENTO 2025.xlsx (incluye 2019-2025)
4,2022,3,Marzo,150,0.0,pendiente,PAGOS MANTENIMIENTO 2025.xlsx (incluye 2019-2025)
101,2022,3,Marzo,150,150.0,pagado,PAGOS MANTENIMIENTO 2025.xlsx (incluye 2019-2025)
102,2022,3,Marzo,150,150.0,pagado,PAGOS MANTENIMIENTO 2025.xlsx (incluye 2019-2025)
103,2022,3,Marzo,150,0.0,pendiente,PAGOS MANTENIMIENTO 2025.xlsx (incluye 2019-2025)
104,2022,3,Marzo,150,0.0,pendiente,PAGOS MANTENIMIENTO 2025.xlsx (incluye 2019-2025)
201,2022,3,Marzo,150,150.0,pagado,PAGOS MANTENIMIENTO 2025.xlsx (incluye 2019-2025)
202,2022,3,Marzo,150,150.0,pagado,PAGOS MANTENIMIENTO 2025.xlsx (incluye 2019-2025)
203,2022,3,Marzo,150,0.0,pendiente,PAGOS MANTENIMIENTO 2025.xlsx (incluye 2019-2025)
204,2022,3,Marzo,150,0.0,pendiente,PAGOS MANTENIMIENTO 2025.xlsx (incluye 2019-2025)
301,2022,3,Marzo,150,150.0,pagado,PAGOS MANTENIMIENTO 2025.xlsx (incluye 2019-2025)
302,2022,3,Marzo,150,150.0,pagado,PAGOS MANTENIMIENTO 2025.xlsx (incluye 2019-2025)
303,2022,3,Marzo,150,150.0,pagado,PAGOS MANTENIMIENTO 2025.xlsx (incluye 2019-2025)
304,2022,3,Marzo,150,150.0,pagado,PAGOS MANTENIMIENTO 2025.xlsx (incluye 2019-2025)
401,2022,3,Marzo,150,150.0,pagado,PAGOS MANTENIMIENTO 2025.xlsx (incluye 2019-2025)
402,2022,3,Marzo,150,150.0,pagado,PAGOS MANTENIMIENTO 2025.xlsx (incluye 2019-2025)
403,2022,3,Marzo,150,0.0,pendiente,PAGOS MANTENIMIENTO 2025.xlsx (incluye 2019-2025)
404,2022,3,Marzo,150,150.0,pagado,PAGOS MANTENIMIENTO 2025.xlsx (incluye 2019-2025)
1,2022,4,Abril,150,0.0,pendiente,PAGOS MANTENIMIENTO 2025.xlsx (incluye 2019-2025)
2,2022,4,Abril,150,150.0,pagado,PAGOS MANTENIMIENTO 2025.xlsx (incluye 2019-2025)
3,2022,4,Abril,150,150.0,pagado,PAGOS MANTENIMIENTO 2025.xlsx (incluye 2019-2025)
4,2022,4,Abril,150,0.0,pendiente,PAGOS MANTENIMIENTO 2025.xlsx (incluye 2019-2025)
101,2022,4,Abril,150,150.0,pagado,PAGOS MANTENIMIENTO 2025.xlsx (incluye 2019-2025)
102,2022,4,Abril,150,150.0,pagado,PAGOS MANTENIMIENTO 2025.xlsx (incluye 2019-2025)
103,2022,4,Abril,150,0.0,pendiente,PAGOS MANTENIMIENTO 2025.xlsx (incluye 2019-2025)
104,2022,4,Abril,150,0.0,pendiente,PAGOS MANTENIMIENTO 2025.xlsx (incluye 2019-2025)
201,2022,4,Abril,150,150.0,pagado,PAGOS MANTENIMIENTO 2025.xlsx (incluye 2019-2025)
202,2022,4,Abril,150,150.0,pagado,PAGOS MANTENIMIENTO 2025.xlsx (incluye 2019-2025)
203,2022,4,Abril,150,0.0,pendiente,PAGOS MANTENIMIENTO 2025.xlsx (incluye 2019-2025)
204,2022,4,Abril,150,0.0,pendiente,PAGOS MANTENIMIENTO 2025.xlsx (incluye 2019-2025)
301,2022,4,Abril,150,150.0,pagado,PAGOS MANTENIMIENTO 2025.xlsx (incluye 2019-2025)
302,2022,4,Abril,150,150.0,pagado,PAGOS MANTENIMIENTO 2025.xlsx (incluye 2019-2025)
303,2022,4,Abril,150,150.0,pagado,PAGOS MANTENIMIENTO 2025.xlsx (incluye 2019-2025)
304,2022,4,Abril,150,150.0,pagado,PAGOS MANTENIMIENTO 2025.xlsx (incluye 2019-2025)
401,2022,4,Abril,150,150.0,pagado,PAGOS MANTENIMIENTO 2025.xlsx (incluye 2019-2025)
402,2022,4,Abril,150,150.0,pagado,PAGOS MANTENIMIENTO 2025.xlsx (incluye 2019-2025)
403,2022,4,Abril,150,0.0,pendiente,PAGOS MANTENIMIENTO 2025.xlsx (incluye 2019-2025)
404,2022,4,Abril,150,150.0,pagado,PAGOS MANTENIMIENTO 2025.xlsx (incluye 2019-2025)
1,2022,5,Mayo,150,0.0,pendiente,PAGOS MANTENIMIENTO 2025.xlsx (incluye 2019-2025)
2,2022,5,Mayo,150,150.0,pagado,PAGOS MANTENIMIENTO 2025.xlsx (incluye 2019-2025)
3,2022,5,Mayo,150,150.0,pagado,PAGOS MANTENIMIENTO 2025.xlsx (incluye 2019-2025)
4,2022,5,Mayo,150,0.0,pendiente,PAGOS MANTENIMIENTO 2025.xlsx (incluye 2019-2025)
101,2022,5,Mayo,150,150.0,pagado,PAGOS MANTENIMIENTO 2025.xlsx (incluye 2019-2025)
102,2022,5,Mayo,150,150.0,pagado,PAGOS MANTENIMIENTO 2025.xlsx (incluye 2019-2025)
103,2022,5,Mayo,150,0.0,pendiente,PAGOS MANTENIMIENTO 2025.xlsx (incluye 2019-2025)
104,2022,5,Mayo,150,0.0,pendiente,PAGOS MANTENIMIENTO 2025.xlsx (incluye 2019-2025)
201,2022,5,Mayo,150,150.0,pagado,PAGOS MANTENIMIENTO 2025.xlsx (incluye 2019-2025)
202,2022,5,Mayo,150,150.0,pagado,PAGOS MANTENIMIENTO 2025.xlsx (incluye 2019-2025)
203,2022,5,Mayo,150,0.0,pendiente,PAGOS MANTENIMIENTO 2025.xlsx (incluye 2019-2025)
204,2022,5,Mayo,150,0.0,pendiente,PAGOS MANTENIMIENTO 2025.xlsx (incluye 2019-2025)
301,2022,5,Mayo,150,150.0,pagado,PAGOS MANTENIMIENTO 2025.xlsx (incluye 2019-2025)
302,2022,5,Mayo,150,150.0,pagado,PAGOS MANTENIMIENTO 2025.xlsx (incluye 2019-2025)
303,2022,5,Mayo,150,150.0,pagado,PAGOS MANTENIMIENTO 2025.xlsx (incluye 2019-2025)
304,2022,5,Mayo,150,150.0,pagado,PAGOS MANTENIMIENTO 2025.xlsx (incluye 2019-2025)
401,2022,5,Mayo,150,150.0,pagado,PAGOS MANTENIMIENTO 2025.xlsx (incluye 2019-2025)
402,2022,5,Mayo,150,150.0,pagado,PAGOS MANTENIMIENTO 2025.xlsx (incluye 2019-2025)
403,2022,5,Mayo,150,0.0,pendiente,PAGOS MANTENIMIENTO 2025.xlsx (incluye 2019-2025)
404,2022,5,Mayo,150,150.0,pagado,PAGOS MANTENIMIENTO 2025.xlsx (incluye 2019-2025)
1,2022,6,Junio,150,0.0,pendiente,PAGOS MANTENIMIENTO 2025.xlsx (incluye 2019-2025)
2,2022,6,Junio,150,150.0,pagado,PAGOS MANTENIMIENTO 2025.xlsx (incluye 2019-2025)
3,2022,6,Junio,150,150.0,pagado,PAGOS MANTENIMIENTO 2025.xlsx (incluye 2019-2025)
4,2022,6,Junio,150,0.0,pendiente,PAGOS MANTENIMIENTO 2025.xlsx (incluye 2019-2025)
101,2022,6,Junio,150,150.0,pagado,PAGOS MANTENIMIENTO 2025.xlsx (incluye 2019-2025)
102,2022,6,Junio,150,150.0,pagado,PAGOS MANTENIMIENTO 2025.xlsx (incluye 2019-2025)
103,2022,6,Junio,150,0.0,pendiente,PAGOS MANTENIMIENTO 2025.xlsx (incluye 2019-2025)
104,2022,6,Junio,150,0.0,pendiente,PAGOS MANTENIMIENTO 2025.xlsx (incluye 2019-2025)
201,2022,6,Junio,150,150.0,pagado,PAGOS MANTENIMIENTO 2025.xlsx (incluye 2019-2025)
202,2022,6,Junio,150,150.0,pagado,PAGOS MANTENIMIENTO 2025.xlsx (incluye 2019-2025)
203,2022,6,Junio,150,0.0,pendiente,PAGOS MANTENIMIENTO 2025.xlsx (incluye 2019-2025)
204,2022,6,Junio,150,0.0,pendiente,PAGOS MANTENIMIENTO 2025.xlsx (incluye 2019-2025)
301,2022,6,Junio,150,150.0,pagado,PAGOS MANTENIMIENTO 2025.xlsx (incluye 2019-2025)
302,2022,6,Junio,150,150.0,pagado,PAGOS MANTENIMIENTO 2025.xlsx (incluye 2019-2025)
303,2022,6,Junio,150,150.0,pagado,PAGOS MANTENIMIENTO 2025.xlsx (incluye 2019-2025)
304,2022,6,Junio,150,150.0,pagado,PAGOS MANTENIMIENTO 2025.xlsx (incluye 2019-2025)
401,2022,6,Junio,150,150.0,pagado,PAGOS MANTENIMIENTO 2025.xlsx (incluye 2019-2025)
402,2022,6,Junio,150,150.0,pagado,PAGOS MANTENIMIENTO 2025.xlsx (incluye 2019-2025)
403,2022,6,Junio,150,0.0,pendiente,PAGOS MANTENIMIENTO 2025.xlsx (incluye 2019-2025)
404,2022,6,Junio,150,150.0,pagado,PAGOS MANTENIMIENTO 2025.xlsx (incluye 2019-2025)
1,2022,7,Julio,150,0.0,pendiente,PAGOS MANTENIMIENTO 2025.xlsx (incluye 2019-2025)
2,2022,7,Julio,150,150.0,pagado,PAGOS MANTENIMIENTO 2025.xlsx (incluye 2019-2025)
3,2022,7,Julio,150,150.0,pagado,PAGOS MANTENIMIENTO 2025.xlsx (incluye 2019-2025)
4,2022,7,Julio,150,0.0,pendiente,PAGOS MANTENIMIENTO 2025.xlsx (incluye 2019-2025)
101,2022,7,Julio,150,150.0,pagado,PAGOS MANTENIMIENTO 2025.xlsx (incluye 2019-2025)
102,2022,7,Julio,150,150.0,pagado,PAGOS MANTENIMIENTO 2025.xlsx (incluye 2019-2025)
103,2022,7,Julio,150,0.0,pendiente,PAGOS MANTENIMIENTO 2025.xlsx (incluye 2019-2025)
104,2022,7,Julio,150,0.0,pendiente,PAGOS MANTENIMIENTO 2025.xlsx (incluye 2019-2025)
201,2022,7,Julio,150,150.0,pagado,PAGOS MANTENIMIENTO 2025.xlsx (incluye 2019-2025)
202,2022,7,Julio,150,150.0,pagado,PAGOS MANTENIMIENTO 2025.xlsx (incluye 2019-2025)
203,2022,7,Julio,150,0.0,pendiente,PAGOS MANTENIMIENTO 2025.xlsx (incluye 2019-2025)
204,2022,7,Julio,150,0.0,pendiente,PAGOS MANTENIMIENTO 2025.xlsx (incluye 2019-2025)
301,2022,7,Julio,150,150.0,pagado,PAGOS MANTENIMIENTO 2025.xlsx (incluye 2019-2025)
302,2022,7,Julio,150,150.0,pagado,PAGOS MANTENIMIENTO 2025.xlsx (incluye 2019-2025)
303,2022,7,Julio,150,150.0,pagado,PAGOS MANTENIMIENTO 2025.xlsx (incluye 2019-2025)
304,2022,7,Julio,150,150.0,pagado,PAGOS MANTENIMIENTO 2025.xlsx (incluye 2019-2025)
401,2022,7,Julio,150,150.0,pagado,PAGOS MANTENIMIENTO 2025.xlsx (incluye 2019-2025)
402,2022,7,Julio,150,150.0,pagado,PAGOS MANTENIMIENTO 2025.xlsx (incluye 2019-2025)
403,2022,7,Julio,150,0.0,pendiente,PAGOS MANTENIMIENTO 2025.xlsx (incluye 2019-2025)
404,2022,7,Julio,150,150.0,pagado,PAGOS MANTENIMIENTO 2025.xlsx (incluye 2019-2025)
1,2022,8,Agosto,150,0.0,pendiente,PAGOS MANTENIMIENTO 2025.xlsx (incluye 2019-2025)
2,2022,8,Agosto,150,150.0,pagado,PAGOS MANTENIMIENTO 2025.xlsx (incluye 2019-2025)
3,2022,8,Agosto,150,150.0,pagado,PAGOS MANTENIMIENTO 2025.xlsx (incluye 2019-2025)
4,2022,8,Agosto,150,0.0,pendiente,PAGOS MANTENIMIENTO 2025.xlsx (incluye 2019-2025)
101,2022,8,Agosto,150,150.0,pagado,PAGOS MANTENIMIENTO 2025.xlsx (incluye 2019-2025)
102,2022,8,Agosto,150,150.0,pagado,PAGOS MANTENIMIENTO 2025.xlsx (incluye 2019-2025)
103,2022,8,Agosto,150,0.0,pendiente,PAGOS MANTENIMIENTO 2025.xlsx (incluye 2019-2025)
104,2022,8,Agosto,150,0.0,pendiente,PAGOS MANTENIMIENTO 2025.xlsx (incluye 2019-2025)
201,2022,8,Agosto,150,150.0,pagado,PAGOS MANTENIMIENTO 2025.xlsx (incluye 2019-2025)
202,2022,8,Agosto,150,150.0,pagado,PAGOS MANTENIMIENTO 2025.xlsx (incluye 2019-2025)
203,2022,8,Agosto,150,0.0,pendiente,PAGOS MANTENIMIENTO 2025.xlsx (incluye 2019-2025)
204,2022,8,Agosto,150,0.0,pendiente,PAGOS MANTENIMIENTO 2025.xlsx (incluye 2019-2025)
301,2022,8,Agosto,150,150.0,pagado,PAGOS MANTENIMIENTO 2025.xlsx (incluye 2019-2025)
302,2022,8,Agosto,150,150.0,pagado,PAGOS MANTENIMIENTO 2025.xlsx (incluye 2019-2025)
303,2022,8,Agosto,150,150.0,pagado,PAGOS MANTENIMIENTO 2025.xlsx (incluye 2019-2025)
304,2022,8,Agosto,150,150.0,pagado,PAGOS MANTENIMIENTO 2025.xlsx (incluye 2019-2025)
401,2022,8,Agosto,150,150.0,pagado,PAGOS MANTENIMIENTO 2025.xlsx (incluye 2019-2025)
402,2022,8,Agosto,150,150.0,pagado,PAGOS MANTENIMIENTO 2025.xlsx (incluye 2019-2025)
403,2022,8,Agosto,150,0.0,pendiente,PAGOS MANTENIMIENTO 2025.xlsx (incluye 2019-2025)
404,2022,8,Agosto,150,150.0,pagado,PAGOS MANTENIMIENTO 2025.xlsx (incluye 2019-2025)
1,2022,9,Septiembre,150,0.0,pendiente,PAGOS MANTENIMIENTO 2025.xlsx (incluye 2019-2025)
2,2022,9,Septiembre,150,150.0,pagado,PAGOS MANTENIMIENTO 2025.xlsx (incluye 2019-2025)
3,2022,9,Septiembre,150,150.0,pagado,PAGOS MANTENIMIENTO 2025.xlsx (incluye 2019-2025)
4,2022,9,Septiembre,150,0.0,pendiente,PAGOS MANTENIMIENTO 2025.xlsx (incluye 2019-2025)
101,2022,9,Septiembre,150,150.0,pagado,PAGOS MANTENIMIENTO 2025.xlsx (incluye 2019-2025)
102,2022,9,Septiembre,150,150.0,pagado,PAGOS MANTENIMIENTO 2025.xlsx (incluye 2019-2025)
103,2022,9,Septiembre,150,0.0,pendiente,PAGOS MANTENIMIENTO 2025.xlsx (incluye 2019-2025)
104,2022,9,Septiembre,150,0.0,pendiente,PAGOS MANTENIMIENTO 2025.xlsx (incluye 2019-2025)
201,2022,9,Septiembre,150,150.0,pagado,PAGOS MANTENIMIENTO 2025.xlsx (incluye 2019-2025)
202,2022,9,Septiembre,150,150.0,pagado,PAGOS MANTENIMIENTO 2025.xlsx (incluye 2019-2025)
203,2022,9,Septiembre,150,0.0,pendiente,PAGOS MANTENIMIENTO 2025.xlsx (incluye 2019-2025)
204,2022,9,Septiembre,150,0.0,pendiente,PAGOS MANTENIMIENTO 2025.xlsx (incluye 2019-2025)
301,2022,9,Septiembre,150,150.0,pagado,PAGOS MANTENIMIENTO 2025.xlsx (incluye 2019-2025)
302,2022,9,Septiembre,150,150.0,pagado,PAGOS MANTENIMIENTO 2025.xlsx (incluye 2019-2025)
303,2022,9,Septiembre,150,150.0,pagado,PAGOS MANTENIMIENTO 2025.xlsx (incluye 2019-2025)
304,2022,9,Septiembre,150,150.0,pagado,PAGOS MANTENIMIENTO 2025.xlsx (incluye 2019-2025)
401,2022,9,Septiembre,150,150.0,pagado,PAGOS MANTENIMIENTO 2025.xlsx (incluye 2019-2025)
402,2022,9,Septiembre,150,150.0,pagado,PAGOS MANTENIMIENTO 2025.xlsx (incluye 2019-2025)
403,2022,9,Septiembre,150,0.0,pendiente,PAGOS MANTENIMIENTO 2025.xlsx (incluye 2019-2025)
404,2022,9,Septiembre,150,150.0,pagado,PAGOS MANTENIMIENTO 2025.xlsx (incluye 2019-2025)
1,2022,10,Octubre,150,0.0,pendiente,PAGOS MANTENIMIENTO 2025.xlsx (incluye 2019-2025)
2,2022,10,Octubre,150,150.0,pagado,PAGOS MANTENIMIENTO 2025.xlsx (incluye 2019-2025)
3,2022,10,Octubre,150,150.0,pagado,PAGOS MANTENIMIENTO 2025.xlsx (incluye 2019-2025)
4,2022,10,Octubre,150,0.0,pendiente,PAGOS MANTENIMIENTO 2025.xlsx (incluye 2019-2025)
101,2022,10,Octubre,150,150.0,pagado,PAGOS MANTENIMIENTO 2025.xlsx (incluye 2019-2025)
102,2022,10,Octubre,150,150.0,pagado,PAGOS MANTENIMIENTO 2025.xlsx (incluye 2019-2025)
103,2022,10,Octubre,150,0.0,pendiente,PAGOS MANTENIMIENTO 2025.xlsx (incluye 2019-2025)
104,2022,10,Octubre,150,0.0,pendiente,PAGOS MANTENIMIENTO 2025.xlsx (incluye 2019-2025)
201,2022,10,Octubre,150,150.0,pagado,PAGOS MANTENIMIENTO 2025.xlsx (incluye 2019-2025)
202,2022,10,Octubre,150,150.0,pagado,PAGOS MANTENIMIENTO 2025.xlsx (incluye 2019-2025)
203,2022,10,Octubre,150,0.0,pendiente,PAGOS MANTENIMIENTO 2025.xlsx (incluye 2019-2025)
204,2022,10,Octubre,150,0.0,pendiente,PAGOS MANTENIMIENTO 2025.xlsx (incluye 2019-2025)
301,2022,10,Octubre,150,150.0,pagado,PAGOS MANTENIMIENTO 2025.xlsx (incluye 2019-2025)
302,2022,10,Octubre,150,150.0,pagado,PAGOS MANTENIMIENTO 2025.xlsx (incluye 2019-2025)
303,2022,10,Octubre,150,150.0,pagado,PAGOS MANTENIMIENTO 2025.xlsx (incluye 2019-2025)
304,2022,10,Octubre,150,150.0,pagado,PAGOS MANTENIMIENTO 2025.xlsx (incluye 2019-2025)
401,2022,10,Octubre,150,150.0,pagado,PAGOS MANTENIMIENTO 2025.xlsx (incluye 2019-2025)
402,2022,10,Octubre,150,150.0,pagado,PAGOS MANTENIMIENTO 2025.xlsx (incluye 2019-2025)
403,2022,10,Octubre,150,0.0,pendiente,PAGOS MANTENIMIENTO 2025.xlsx (incluye 2019-2025)
404,2022,10,Octubre,150,150.0,pagado,PAGOS MANTENIMIENTO 2025.xlsx (incluye 2019-2025)
1,2022,11,Noviembre,150,0.0,pendiente,PAGOS MANTENIMIENTO 2025.xlsx (incluye 2019-2025)
2,2022,11,Noviembre,150,150.0,pagado,PAGOS MANTENIMIENTO 2025.xlsx (incluye 2019-2025)
3,2022,11,Noviembre,150,150.0,pagado,PAGOS MANTENIMIENTO 2025.xlsx (incluye 2019-2025)
4,2022,11,Noviembre,150,0.0,pendiente,PAGOS MANTENIMIENTO 2025.xlsx (incluye 2019-2025)
101,2022,11,Noviembre,150,150.0,pagado,PAGOS MANTENIMIENTO 2025.xlsx (incluye 2019-2025)
102,2022,11,Noviembre,150,150.0,pagado,PAGOS MANTENIMIENTO 2025.xlsx (incluye 2019-2025)
103,2022,11,Noviembre,150,0.0,pendiente,PAGOS MANTENIMIENTO 2025.xlsx (incluye 2019-2025)
104,2022,11,Noviembre,150,0.0,pendiente,PAGOS MANTENIMIENTO 2025.xlsx (incluye 2019-2025)
201,2022,11,Noviembre,150,150.0,pagado,PAGOS MANTENIMIENTO 2025.xlsx (incluye 2019-2025)
202,2022,11,Noviembre,150,150.0,pagado,PAGOS MANTENIMIENTO 2025.xlsx (incluye 2019-2025)
203,2022,11,Noviembre,150,0.0,pendiente,PAGOS MANTENIMIENTO 2025.xlsx (incluye 2019-2025)
204,2022,11,Noviembre,150,0.0,pendiente,PAGOS MANTENIMIENTO 2025.xlsx (incluye 2019-2025)
301,2022,11,Noviembre,150,150.0,pagado,PAGOS MANTENIMIENTO 2025.xlsx (incluye 2019-2025)
302,2022,11,Noviembre,150,150.0,pagado,PAGOS MANTENIMIENTO 2025.xlsx (incluye 2019-2025)
303,2022,11,Noviembre,150,150.0,pagado,PAGOS MANTENIMIENTO 2025.xlsx (incluye 2019-2025)
304,2022,11,Noviembre,150,150.0,pagado,PAGOS MANTENIMIENTO 2025.xlsx (incluye 2019-2025)
401,2022,11,Noviembre,150,150.0,pagado,PAGOS MANTENIMIENTO 2025.xlsx (incluye 2019-2025)
402,2022,11,Noviembre,150,150.0,pagado,PAGOS MANTENIMIENTO 2025.xlsx (incluye 2019-2025)
403,2022,11,Noviembre,150,0.0,pendiente,PAGOS MANTENIMIENTO 2025.xlsx (incluye 2019-2025)
404,2022,11,Noviembre,150,150.0,pagado,PAGOS MANTENIMIENTO 2025.xlsx (incluye 2019-2025)
1,2022,12,Diciembre,150,0.0,pendiente,PAGOS MANTENIMIENTO 2025.xlsx (incluye 2019-2025)
2,2022,12,Diciembre,150,150.0,pagado,PAGOS MANTENIMIENTO 2025.xlsx (incluye 2019-2025)
3,2022,12,Diciembre,150,150.0,pagado,PAGOS MANTENIMIENTO 2025.xlsx (incluye 2019-2025)
4,2022,12,Diciembre,150,0.0,pendiente,PAGOS MANTENIMIENTO 2025.xlsx (incluye 2019-2025)
101,2022,12,Diciembre,150,150.0,pagado,PAGOS MANTENIMIENTO 2025.xlsx (incluye 2019-2025)
102,2022,12,Diciembre,150,150.0,pagado,PAGOS MANTENIMIENTO 2025.xlsx (incluye 2019-2025)
103,2022,12,Diciembre,150,0.0,pendiente,PAGOS MANTENIMIENTO 2025.xlsx (incluye 2019-2025)
104,2022,12,Diciembre,150,0.0,pendiente,PAGOS MANTENIMIENTO 2025.xlsx (incluye 2019-2025)
201,2022,12,Diciembre,150,150.0,pagado,PAGOS MANTENIMIENTO 2025.xlsx (incluye 2019-2025)
202,2022,12,Diciembre,150,150.0,pagado,PAGOS MANTENIMIENTO 2025.xlsx (incluye 2019-2025)
203,2022,12,Diciembre,150,0.0,pendiente,PAGOS MANTENIMIENTO 2025.xlsx (incluye 2019-2025)
204,2022,12,Diciembre,150,0.0,pendiente,PAGOS MANTENIMIENTO 2025.xlsx (incluye 2019-2025)
301,2022,12,Diciembre,150,150.0,pagado,PAGOS MANTENIMIENTO 2025.xlsx (incluye 2019-2025)
302,2022,12,Diciembre,150,150.0,pagado,PAGOS MANTENIMIENTO 2025.xlsx (incluye 2019-2025)
303,2022,12,Diciembre,150,150.0,pagado,PAGOS MANTENIMIENTO 2025.xlsx (incluye 2019-2025)
304,2022,12,Diciembre,150,150.0,pagado,PAGOS MANTENIMIENTO 2025.xlsx (incluye 2019-2025)
401,2022,12,Diciembre,150,150.0,pagado,PAGOS MANTENIMIENTO 2025.xlsx (incluye 2019-2025)
402,2022,12,Diciembre,150,150.0,pagado,PAGOS MANTENIMIENTO 2025.xlsx (incluye 2019-2025)
403,2022,12,Diciembre,150,0.0,pendiente,PAGOS MANTENIMIENTO 2025.xlsx (incluye 2019-2025)
404,2022,12,Diciembre,150,150.0,pagado,PAGOS MANTENIMIENTO 2025.xlsx (incluye 2019-2025)
1,2023,1,Enero,150,0.0,pendiente,PAGOS MANTENIMIENTO 2025.xlsx (incluye 2019-2025)
2,2023,1,Enero,150,150.0,pagado,PAGOS MANTENIMIENTO 2025.xlsx (incluye 2019-2025)
3,2023,1,Enero,150,150.0,pagado,PAGOS MANTENIMIENTO 2025.xlsx (incluye 2019-2025)
4,2023,1,Enero,150,0.0,pendiente,PAGOS MANTENIMIENTO 2025.xlsx (incluye 2019-2025)
101,2023,1,Enero,150,150.0,pagado,PAGOS MANTENIMIENTO 2025.xlsx (incluye 2019-2025)
102,2023,1,Enero,150,150.0,pagado,PAGOS MANTENIMIENTO 2025.xlsx (incluye 2019-2025)
103,2023,1,Enero,150,0.0,pendiente,PAGOS MANTENIMIENTO 2025.xlsx (incluye 2019-2025)
104,2023,1,Enero,150,0.0,pendiente,PAGOS MANTENIMIENTO 2025.xlsx (incluye 2019-2025)
201,2023,1,Enero,150,150.0,pagado,PAGOS MANTENIMIENTO 2025.xlsx (incluye 2019-2025)
202,2023,1,Enero,150,150.0,pagado,PAGOS MANTENIMIENTO 2025.xlsx (incluye 2019-2025)
203,2023,1,Enero,150,0.0,pendiente,PAGOS MANTENIMIENTO 2025.xlsx (incluye 2019-2025)
204,2023,1,Enero,150,0.0,pendiente,PAGOS MANTENIMIENTO 2025.xlsx (incluye 2019-2025)
301,2023,1,Enero,150,150.0,pagado,PAGOS MANTENIMIENTO 2025.xlsx (incluye 2019-2025)
302,2023,1,Enero,150,150.0,pagado,PAGOS MANTENIMIENTO 2025.xlsx (incluye 2019-2025)
303,2023,1,Enero,150,150.0,pagado,PAGOS MANTENIMIENTO 2025.xlsx (incluye 2019-2025)
304,2023,1,Enero,150,150.0,pagado,PAGOS MANTENIMIENTO 2025.xlsx (incluye 2019-2025)
401,2023,1,Enero,150,150.0,pagado,PAGOS MANTENIMIENTO 2025.xlsx (incluye 2019-2025)
402,2023,1,Enero,150,150.0,pagado,PAGOS MANTENIMIENTO 2025.xlsx (incluye 2019-2025)
403,2023,1,Enero,150,0.0,pendiente,PAGOS MANTENIMIENTO 2025.xlsx (incluye 2019-2025)
404,2023,1,Enero,150,150.0,pagado,PAGOS MANTENIMIENTO 2025.xlsx (incluye 2019-2025)
1,2023,2,Febrero,150,0.0,pendiente,PAGOS MANTENIMIENTO 2025.xlsx (incluye 2019-2025)
2,2023,2,Febrero,150,150.0,pagado,PAGOS MANTENIMIENTO 2025.xlsx (incluye 2019-2025)
3,2023,2,Febrero,150,150.0,pagado,PAGOS MANTENIMIENTO 2025.xlsx (incluye 2019-2025)
4,2023,2,Febrero,150,0.0,pendiente,PAGOS MANTENIMIENTO 2025.xlsx (incluye 2019-2025)
101,2023,2,Febrero,150,150.0,pagado,PAGOS MANTENIMIENTO 2025.xlsx (incluye 2019-2025)
102,2023,2,Febrero,150,150.0,pagado,PAGOS MANTENIMIENTO 2025.xlsx (incluye 2019-2025)
103,2023,2,Febrero,150,0.0,pendiente,PAGOS MANTENIMIENTO 2025.xlsx (incluye 2019-2025)
104,2023,2,Febrero,150,0.0,pendiente,PAGOS MANTENIMIENTO 2025.xlsx (incluye 2019-2025)
201,2023,2,Febrero,150,150.0,pagado,PAGOS MANTENIMIENTO 2025.xlsx (incluye 2019-2025)
202,2023,2,Febrero,150,150.0,pagado,PAGOS MANTENIMIENTO 2025.xlsx (incluye 2019-2025)
203,2023,2,Febrero,150,0.0,pendiente,PAGOS MANTENIMIENTO 2025.xlsx (incluye 2019-2025)
204,2023,2,Febrero,150,0.0,pendiente,PAGOS MANTENIMIENTO 2025.xlsx (incluye 2019-2025)
301,2023,2,Febrero,150,150.0,pagado,PAGOS MANTENIMIENTO 2025.xlsx (incluye 2019-2025)
302,2023,2,Febrero,150,150.0,pagado,PAGOS MANTENIMIENTO 2025.xlsx (incluye 2019-2025)
303,2023,2,Febrero,150,150.0,pagado,PAGOS MANTENIMIENTO 2025.xlsx (incluye 2019-2025)
304,2023,2,Febrero,150,150.0,pagado,PAGOS MANTENIMIENTO 2025.xlsx (incluye 2019-2025)
401,2023,2,Febrero,150,150.0,pagado,PAGOS MANTENIMIENTO 2025.xlsx (incluye 2019-2025)
402,2023,2,Febrero,150,150.0,pagado,PAGOS MANTENIMIENTO 2025.xlsx (incluye 2019-2025)
403,2023,2,Febrero,150,0.0,pendiente,PAGOS MANTENIMIENTO 2025.xlsx (incluye 2019-2025)
404,2023,2,Febrero,150,150.0,pagado,PAGOS MANTENIMIENTO 2025.xlsx (incluye 2019-2025)
1,2023,3,Marzo,150,0.0,pendiente,PAGOS MANTENIMIENTO 2025.xlsx (incluye 2019-2025)
2,2023,3,Marzo,150,150.0,pagado,PAGOS MANTENIMIENTO 2025.xlsx (incluye 2019-2025)
3,2023,3,Marzo,150,150.0,pagado,PAGOS MANTENIMIENTO 2025.xlsx (incluye 2019-2025)
4,2023,3,Marzo,150,0.0,pendiente,PAGOS MANTENIMIENTO 2025.xlsx (incluye 2019-2025)
101,2023,3,Marzo,150,150.0,pagado,PAGOS MANTENIMIENTO 2025.xlsx (incluye 2019-2025)
102,2023,3,Marzo,150,150.0,pagado,PAGOS MANTENIMIENTO 2025.xlsx (incluye 2019-2025)
103,2023,3,Marzo,150,0.0,pendiente,PAGOS MANTENIMIENTO 2025.xlsx (incluye 2019-2025)
104,2023,3,Marzo,150,0.0,pendiente,PAGOS MANTENIMIENTO 2025.xlsx (incluye 2019-2025)
201,2023,3,Marzo,150,150.0,pagado,PAGOS MANTENIMIENTO 2025.xlsx (incluye 2019-2025)
202,2023,3,Marzo,150,150.0,pagado,PAGOS MANTENIMIENTO 2025.xlsx (incluye 2019-2025)
203,2023,3,Marzo,150,0.0,pendiente,PAGOS MANTENIMIENTO 2025.xlsx (incluye 2019-2025)
204,2023,3,Marzo,150,0.0,pendiente,PAGOS MANTENIMIENTO 2025.xlsx (incluye 2019-2025)
301,2023,3,Marzo,150,150.0,pagado,PAGOS MANTENIMIENTO 2025.xlsx (incluye 2019-2025)
302,2023,3,Marzo,150,150.0,pagado,PAGOS MANTENIMIENTO 2025.xlsx (incluye 2019-2025)
303,2023,3,Marzo,150,150.0,pagado,PAGOS MANTENIMIENTO 2025.xlsx (incluye 2019-2025)
304,2023,3,Marzo,150,150.0,pagado,PAGOS MANTENIMIENTO 2025.xlsx (incluye 2019-2025)
401,2023,3,Marzo,150,150.0,pagado,PAGOS MANTENIMIENTO 2025.xlsx (incluye 2019-2025)
402,2023,3,Marzo,150,150.0,pagado,PAGOS MANTENIMIENTO 2025.xlsx (incluye 2019-2025)
403,2023,3,Marzo,150,0.0,pendiente,PAGOS MANTENIMIENTO 2025.xlsx (incluye 2019-2025)
404,2023,3,Marzo,150,35.0,parcial,PAGOS MANTENIMIENTO 2025.xlsx (incluye 2019-2025)
1,2023,4,Abril,150,0.0,pendiente,PAGOS MANTENIMIENTO 2025.xlsx (incluye 2019-2025)
2,2023,4,Abril,150,150.0,pagado,PAGOS MANTENIMIENTO 2025.xlsx (incluye 2019-2025)
3,2023,4,Abril,150,150.0,pagado,PAGOS MANTENIMIENTO 2025.xlsx (incluye 2019-2025)
4,2023,4,Abril,150,0.0,pendiente,PAGOS MANTENIMIENTO 2025.xlsx (incluye 2019-2025)
101,2023,4,Abril,150,150.0,pagado,PAGOS MANTENIMIENTO 2025.xlsx (incluye 2019-2025)
102,2023,4,Abril,150,150.0,pagado,PAGOS MANTENIMIENTO 2025.xlsx (incluye 2019-2025)
103,2023,4,Abril,150,0.0,pendiente,PAGOS MANTENIMIENTO 2025.xlsx (incluye 2019-2025)
104,2023,4,Abril,150,0.0,pendiente,PAGOS MANTENIMIENTO 2025.xlsx (incluye 2019-2025)
201,2023,4,Abril,150,150.0,pagado,PAGOS MANTENIMIENTO 2025.xlsx (incluye 2019-2025)
202,2023,4,Abril,150,150.0,pagado,PAGOS MANTENIMIENTO 2025.xlsx (incluye 2019-2025)
203,2023,4,Abril,150,0.0,pendiente,PAGOS MANTENIMIENTO 2025.xlsx (incluye 2019-2025)
204,2023,4,Abril,150,0.0,pendiente,PAGOS MANTENIMIENTO 2025.xlsx (incluye 2019-2025)
301,2023,4,Abril,150,150.0,pagado,PAGOS MANTENIMIENTO 2025.xlsx (incluye 2019-2025)
302,2023,4,Abril,150,150.0,pagado,PAGOS MANTENIMIENTO 2025.xlsx (incluye 2019-2025)
303,2023,4,Abril,150,150.0,pagado,PAGOS MANTENIMIENTO 2025.xlsx (incluye 2019-2025)
304,2023,4,Abril,150,150.0,pagado,PAGOS MANTENIMIENTO 2025.xlsx (incluye 2019-2025)
401,2023,4,Abril,150,150.0,pagado,PAGOS MANTENIMIENTO 2025.xlsx (incluye 2019-2025)
402,2023,4,Abril,150,150.0,pagado,PAGOS MANTENIMIENTO 2025.xlsx (incluye 2019-2025)
403,2023,4,Abril,150,0.0,pendiente,PAGOS MANTENIMIENTO 2025.xlsx (incluye 2019-2025)
404,2023,4,Abril,150,0.0,pendiente,PAGOS MANTENIMIENTO 2025.xlsx (incluye 2019-2025)
1,2023,5,Mayo,150,0.0,pendiente,PAGOS MANTENIMIENTO 2025.xlsx (incluye 2019-2025)
2,2023,5,Mayo,150,150.0,pagado,PAGOS MANTENIMIENTO 2025.xlsx (incluye 2019-2025)
3,2023,5,Mayo,150,150.0,pagado,PAGOS MANTENIMIENTO 2025.xlsx (incluye 2019-2025)
4,2023,5,Mayo,150,0.0,pendiente,PAGOS MANTENIMIENTO 2025.xlsx (incluye 2019-2025)
101,2023,5,Mayo,150,150.0,pagado,PAGOS MANTENIMIENTO 2025.xlsx (incluye 2019-2025)
102,2023,5,Mayo,150,150.0,pagado,PAGOS MANTENIMIENTO 2025.xlsx (incluye 2019-2025)
103,2023,5,Mayo,150,0.0,pendiente,PAGOS MANTENIMIENTO 2025.xlsx (incluye 2019-2025)
104,2023,5,Mayo,150,0.0,pendiente,PAGOS MANTENIMIENTO 2025.xlsx (incluye 2019-2025)
201,2023,5,Mayo,150,150.0,pagado,PAGOS MANTENIMIENTO 2025.xlsx (incluye 2019-2025)
202,2023,5,Mayo,150,150.0,pagado,PAGOS MANTENIMIENTO 2025.xlsx (incluye 2019-2025)
203,2023,5,Mayo,150,0.0,pendiente,PAGOS MANTENIMIENTO 2025.xlsx (incluye 2019-2025)
204,2023,5,Mayo,150,0.0,pendiente,PAGOS MANTENIMIENTO 2025.xlsx (incluye 2019-2025)
301,2023,5,Mayo,150,150.0,pagado,PAGOS MANTENIMIENTO 2025.xlsx (incluye 2019-2025)
302,2023,5,Mayo,150,150.0,pagado,PAGOS MANTENIMIENTO 2025.xlsx (incluye 2019-2025)
303,2023,5,Mayo,150,150.0,pagado,PAGOS MANTENIMIENTO 2025.xlsx (incluye 2019-2025)
304,2023,5,Mayo,150,150.0,pagado,PAGOS MANTENIMIENTO 2025.xlsx (incluye 2019-2025)
401,2023,5,Mayo,150,150.0,pagado,PAGOS MANTENIMIENTO 2025.xlsx (incluye 2019-2025)
402,2023,5,Mayo,150,150.0,pagado,PAGOS MANTENIMIENTO 2025.xlsx (incluye 2019-2025)
403,2023,5,Mayo,150,0.0,pendiente,PAGOS MANTENIMIENTO 2025.xlsx (incluye 2019-2025)
404,2023,5,Mayo,150,0.0,pendiente,PAGOS MANTENIMIENTO 2025.xlsx (incluye 2019-2025)
1,2023,6,Junio,150,0.0,pendiente,PAGOS MANTENIMIENTO 2025.xlsx (incluye 2019-2025)
2,2023,6,Junio,150,150.0,pagado,PAGOS MANTENIMIENTO 2025.xlsx (incluye 2019-2025)
3,2023,6,Junio,150,150.0,pagado,PAGOS MANTENIMIENTO 2025.xlsx (incluye 2019-2025)
4,2023,6,Junio,150,0.0,pendiente,PAGOS MANTENIMIENTO 2025.xlsx (incluye 2019-2025)
101,2023,6,Junio,150,150.0,pagado,PAGOS MANTENIMIENTO 2025.xlsx (incluye 2019-2025)
102,2023,6,Junio,150,150.0,pagado,PAGOS MANTENIMIENTO 2025.xlsx (incluye 2019-2025)
103,2023,6,Junio,150,0.0,pendiente,PAGOS MANTENIMIENTO 2025.xlsx (incluye 2019-2025)
104,2023,6,Junio,150,0.0,pendiente,PAGOS MANTENIMIENTO 2025.xlsx (incluye 2019-2025)
201,2023,6,Junio,150,150.0,pagado,PAGOS MANTENIMIENTO 2025.xlsx (incluye 2019-2025)
202,2023,6,Junio,150,150.0,pagado,PAGOS MANTENIMIENTO 2025.xlsx (incluye 2019-2025)
203,2023,6,Junio,150,0.0,pendiente,PAGOS MANTENIMIENTO 2025.xlsx (incluye 2019-2025)
204,2023,6,Junio,150,0.0,pendiente,PAGOS MANTENIMIENTO 2025.xlsx (incluye 2019-2025)
301,2023,6,Junio,150,150.0,pagado,PAGOS MANTENIMIENTO 2025.xlsx (incluye 2019-2025)
302,2023,6,Junio,150,150.0,pagado,PAGOS MANTENIMIENTO 2025.xlsx (incluye 2019-2025)
303,2023,6,Junio,150,150.0,pagado,PAGOS MANTENIMIENTO 2025.xlsx (incluye 2019-2025)
304,2023,6,Junio,150,150.0,pagado,PAGOS MANTENIMIENTO 2025.xlsx (incluye 2019-2025)
401,2023,6,Junio,150,150.0,pagado,PAGOS MANTENIMIENTO 2025.xlsx (incluye 2019-2025)
402,2023,6,Junio,150,150.0,pagado,PAGOS MANTENIMIENTO 2025.xlsx (incluye 2019-2025)
403,2023,6,Junio,150,0.0,pendiente,PAGOS MANTENIMIENTO 2025.xlsx (incluye 2019-2025)
404,2023,6,Junio,150,0.0,pendiente,PAGOS MANTENIMIENTO 2025.xlsx (incluye 2019-2025)
1,2023,7,Julio,150,0.0,pendiente,PAGOS MANTENIMIENTO 2025.xlsx (incluye 2019-2025)
2,2023,7,Julio,150,150.0,pagado,PAGOS MANTENIMIENTO 2025.xlsx (incluye 2019-2025)
3,2023,7,Julio,150,150.0,pagado,PAGOS MANTENIMIENTO 2025.xlsx (incluye 2019-2025)
4,2023,7,Julio,150,0.0,pendiente,PAGOS MANTENIMIENTO 2025.xlsx (incluye 2019-2025)
101,2023,7,Julio,150,150.0,pagado,PAGOS MANTENIMIENTO 2025.xlsx (incluye 2019-2025)
102,2023,7,Julio,150,150.0,pagado,PAGOS MANTENIMIENTO 2025.xlsx (incluye 2019-2025)
103,2023,7,Julio,150,0.0,pendiente,PAGOS MANTENIMIENTO 2025.xlsx (incluye 2019-2025)
104,2023,7,Julio,150,0.0,pendiente,PAGOS MANTENIMIENTO 2025.xlsx (incluye 2019-2025)
201,2023,7,Julio,150,150.0,pagado,PAGOS MANTENIMIENTO 2025.xlsx (incluye 2019-2025)
202,2023,7,Julio,150,150.0,pagado,PAGOS MANTENIMIENTO 2025.xlsx (incluye 2019-2025)
203,2023,7,Julio,150,0.0,pendiente,PAGOS MANTENIMIENTO 2025.xlsx (incluye 2019-2025)
204,2023,7,Julio,150,0.0,pendiente,PAGOS MANTENIMIENTO 2025.xlsx (incluye 2019-2025)
301,2023,7,Julio,150,150.0,pagado,PAGOS MANTENIMIENTO 2025.xlsx (incluye 2019-2025)
302,2023,7,Julio,150,150.0,pagado,PAGOS MANTENIMIENTO 2025.xlsx (incluye 2019-2025)
303,2023,7,Julio,150,150.0,pagado,PAGOS MANTENIMIENTO 2025.xlsx (incluye 2019-2025)
304,2023,7,Julio,150,150.0,pagado,PAGOS MANTENIMIENTO 2025.xlsx (incluye 2019-2025)
401,2023,7,Julio,150,150.0,pagado,PAGOS MANTENIMIENTO 2025.xlsx (incluye 2019-2025)
402,2023,7,Julio,150,150.0,pagado,PAGOS MANTENIMIENTO 2025.xlsx (incluye 2019-2025)
403,2023,7,Julio,150,0.0,pendiente,PAGOS MANTENIMIENTO 2025.xlsx (incluye 2019-2025)
404,2023,7,Julio,150,0.0,pendiente,PAGOS MANTENIMIENTO 2025.xlsx (incluye 2019-2025)
1,2023,8,Agosto,150,0.0,pendiente,PAGOS MANTENIMIENTO 2025.xlsx (incluye 2019-2025)
2,2023,8,Agosto,150,150.0,pagado,PAGOS MANTENIMIENTO 2025.xlsx (incluye 2019-2025)
3,2023,8,Agosto,150,150.0,pagado,PAGOS MANTENIMIENTO 2025.xlsx (incluye 2019-2025)
4,2023,8,Agosto,150,0.0,pendiente,PAGOS MANTENIMIENTO 2025.xlsx (incluye 2019-2025)
101,2023,8,Agosto,150,150.0,pagado,PAGOS MANTENIMIENTO 2025.xlsx (incluye 2019-2025)
102,2023,8,Agosto,150,0.0,pendiente,PAGOS MANTENIMIENTO 2025.xlsx (incluye 2019-2025)
103,2023,8,Agosto,150,0.0,pendiente,PAGOS MANTENIMIENTO 2025.xlsx (incluye 2019-2025)
104,2023,8,Agosto,150,0.0,pendiente,PAGOS MANTENIMIENTO 2025.xlsx (incluye 2019-2025)
201,2023,8,Agosto,150,150.0,pagado,PAGOS MANTENIMIENTO 2025.xlsx (incluye 2019-2025)
202,2023,8,Agosto,150,150.0,pagado,PAGOS MANTENIMIENTO 2025.xlsx (incluye 2019-2025)
203,2023,8,Agosto,150,0.0,pendiente,PAGOS MANTENIMIENTO 2025.xlsx (incluye 2019-2025)
204,2023,8,Agosto,150,0.0,pendiente,PAGOS MANTENIMIENTO 2025.xlsx (incluye 2019-2025)
301,2023,8,Agosto,150,150.0,pagado,PAGOS MANTENIMIENTO 2025.xlsx (incluye 2019-2025)
302,2023,8,Agosto,150,150.0,pagado,PAGOS MANTENIMIENTO 2025.xlsx (incluye 2019-2025)
303,2023,8,Agosto,150,150.0,pagado,PAGOS MANTENIMIENTO 2025.xlsx (incluye 2019-2025)
304,2023,8,Agosto,150,150.0,pagado,PAGOS MANTENIMIENTO 2025.xlsx (incluye 2019-2025)
401,2023,8,Agosto,150,150.0,pagado,PAGOS MANTENIMIENTO 2025.xlsx (incluye 2019-2025)
402,2023,8,Agosto,150,150.0,pagado,PAGOS MANTENIMIENTO 2025.xlsx (incluye 2019-2025)
403,2023,8,Agosto,150,0.0,pendiente,PAGOS MANTENIMIENTO 2025.xlsx (incluye 2019-2025)
404,2023,8,Agosto,150,0.0,pendiente,PAGOS MANTENIMIENTO 2025.xlsx (incluye 2019-2025)
1,2023,9,Septiembre,150,0.0,pendiente,PAGOS MANTENIMIENTO 2025.xlsx (incluye 2019-2025)
2,2023,9,Septiembre,150,150.0,pagado,PAGOS MANTENIMIENTO 2025.xlsx (incluye 2019-2025)
3,2023,9,Septiembre,150,150.0,pagado,PAGOS MANTENIMIENTO 2025.xlsx (incluye 2019-2025)
4,2023,9,Septiembre,150,0.0,pendiente,PAGOS MANTENIMIENTO 2025.xlsx (incluye 2019-2025)
101,2023,9,Septiembre,150,150.0,pagado,PAGOS MANTENIMIENTO 2025.xlsx (incluye 2019-2025)
102,2023,9,Septiembre,150,0.0,pendiente,PAGOS MANTENIMIENTO 2025.xlsx (incluye 2019-2025)
103,2023,9,Septiembre,150,0.0,pendiente,PAGOS MANTENIMIENTO 2025.xlsx (incluye 2019-2025)
104,2023,9,Septiembre,150,0.0,pendiente,PAGOS MANTENIMIENTO 2025.xlsx (incluye 2019-2025)
201,2023,9,Septiembre,150,150.0,pagado,PAGOS MANTENIMIENTO 2025.xlsx (incluye 2019-2025)
202,2023,9,Septiembre,150,150.0,pagado,PAGOS MANTENIMIENTO 2025.xlsx (incluye 2019-2025)
203,2023,9,Septiembre,150,0.0,pendiente,PAGOS MANTENIMIENTO 2025.xlsx (incluye 2019-2025)
204,2023,9,Septiembre,150,0.0,pendiente,PAGOS MANTENIMIENTO 2025.xlsx (incluye 2019-2025)
301,2023,9,Septiembre,150,150.0,pagado,PAGOS MANTENIMIENTO 2025.xlsx (incluye 2019-2025)
302,2023,9,Septiembre,150,150.0,pagado,PAGOS MANTENIMIENTO 2025.xlsx (incluye 2019-2025)
303,2023,9,Septiembre,150,150.0,pagado,PAGOS MANTENIMIENTO 2025.xlsx (incluye 2019-2025)
304,2023,9,Septiembre,150,150.0,pagado,PAGOS MANTENIMIENTO 2025.xlsx (incluye 2019-2025)
401,2023,9,Septiembre,150,0.0,pendiente,PAGOS MANTENIMIENTO 2025.xlsx (incluye 2019-2025)
402,2023,9,Septiembre,150,150.0,pagado,PAGOS MANTENIMIENTO 2025.xlsx (incluye 2019-2025)
403,2023,9,Septiembre,150,0.0,pendiente,PAGOS MANTENIMIENTO 2025.xlsx (incluye 2019-2025)
404,2023,9,Septiembre,150,0.0,pendiente,PAGOS MANTENIMIENTO 2025.xlsx (incluye 2019-2025)
1,2023,10,Octubre,150,0.0,pendiente,PAGOS MANTENIMIENTO 2025.xlsx (incluye 2019-2025)
2,2023,10,Octubre,150,150.0,pagado,PAGOS MANTENIMIENTO 2025.xlsx (incluye 2019-2025)
3,2023,10,Octubre,150,150.0,pagado,PAGOS MANTENIMIENTO 2025.xlsx (incluye 2019-2025)
4,2023,10,Octubre,150,0.0,pendiente,PAGOS MANTENIMIENTO 2025.xlsx (incluye 2019-2025)
101,2023,10,Octubre,150,150.0,pagado,PAGOS MANTENIMIENTO 2025.xlsx (incluye 2019-2025)
102,2023,10,Octubre,150,0.0,pendiente,PAGOS MANTENIMIENTO 2025.xlsx (incluye 2019-2025)
103,2023,10,Octubre,150,0.0,pendiente,PAGOS MANTENIMIENTO 2025.xlsx (incluye 2019-2025)
104,2023,10,Octubre,150,0.0,pendiente,PAGOS MANTENIMIENTO 2025.xlsx (incluye 2019-2025)
201,2023,10,Octubre,150,150.0,pagado,PAGOS MANTENIMIENTO 2025.xlsx (incluye 2019-2025)
202,2023,10,Octubre,150,150.0,pagado,PAGOS MANTENIMIENTO 2025.xlsx (incluye 2019-2025)
203,2023,10,Octubre,150,0.0,pendiente,PAGOS MANTENIMIENTO 2025.xlsx (incluye 2019-2025)
204,2023,10,Octubre,150,0.0,pendiente,PAGOS MANTENIMIENTO 2025.xlsx (incluye 2019-2025)
301,2023,10,Octubre,150,150.0,pagado,PAGOS MANTENIMIENTO 2025.xlsx (incluye 2019-2025)
302,2023,10,Octubre,150,150.0,pagado,PAGOS MANTENIMIENTO 2025.xlsx (incluye 2019-2025)
303,2023,10,Octubre,150,150.0,pagado,PAGOS MANTENIMIENTO 2025.xlsx (incluye 2019-2025)
304,2023,10,Octubre,150,150.0,pagado,PAGOS MANTENIMIENTO 2025.xlsx (incluye 2019-2025)
401,2023,10,Octubre,150,0.0,pendiente,PAGOS MANTENIMIENTO 2025.xlsx (incluye 2019-2025)
402,2023,10,Octubre,150,150.0,pagado,PAGOS MANTENIMIENTO 2025.xlsx (incluye 2019-2025)
403,2023,10,Octubre,150,0.0,pendiente,PAGOS MANTENIMIENTO 2025.xlsx (incluye 2019-2025)
404,2023,10,Octubre,150,0.0,pendiente,PAGOS MANTENIMIENTO 2025.xlsx (incluye 2019-2025)
1,2023,11,Noviembre,150,0.0,pendiente,PAGOS MANTENIMIENTO 2025.xlsx (incluye 2019-2025)
2,2023,11,Noviembre,150,150.0,pagado,PAGOS MANTENIMIENTO 2025.xlsx (incluye 2019-2025)
3,2023,11,Noviembre,150,150.0,pagado,PAGOS MANTENIMIENTO 2025.xlsx (incluye 2019-2025)
4,2023,11,Noviembre,150,0.0,pendiente,PAGOS MANTENIMIENTO 2025.xlsx (incluye 2019-2025)
101,2023,11,Noviembre,150,150.0,pagado,PAGOS MANTENIMIENTO 2025.xlsx (incluye 2019-2025)
102,2023,11,Noviembre,150,0.0,pendiente,PAGOS MANTENIMIENTO 2025.xlsx (incluye 2019-2025)
103,2023,11,Noviembre,150,0.0,pendiente,PAGOS MANTENIMIENTO 2025.xlsx (incluye 2019-2025)
104,2023,11,Noviembre,150,0.0,pendiente,PAGOS MANTENIMIENTO 2025.xlsx (incluye 2019-2025)
201,2023,11,Noviembre,150,150.0,pagado,PAGOS MANTENIMIENTO 2025.xlsx (incluye 2019-2025)
202,2023,11,Noviembre,150,150.0,pagado,PAGOS MANTENIMIENTO 2025.xlsx (incluye 2019-2025)
203,2023,11,Noviembre,150,0.0,pendiente,PAGOS MANTENIMIENTO 2025.xlsx (incluye 2019-2025)
204,2023,11,Noviembre,150,0.0,pendiente,PAGOS MANTENIMIENTO 2025.xlsx (incluye 2019-2025)
301,2023,11,Noviembre,150,150.0,pagado,PAGOS MANTENIMIENTO 2025.xlsx (incluye 2019-2025)
302,2023,11,Noviembre,150,150.0,pagado,PAGOS MANTENIMIENTO 2025.xlsx (incluye 2019-2025)
303,2023,11,Noviembre,150,150.0,pagado,PAGOS MANTENIMIENTO 2025.xlsx (incluye 2019-2025)
304,2023,11,Noviembre,150,150.0,pagado,PAGOS MANTENIMIENTO 2025.xlsx (incluye 2019-2025)
401,2023,11,Noviembre,150,0.0,pendiente,PAGOS MANTENIMIENTO 2025.xlsx (incluye 2019-2025)
402,2023,11,Noviembre,150,150.0,pagado,PAGOS MANTENIMIENTO 2025.xlsx (incluye 2019-2025)
403,2023,11,Noviembre,150,0.0,pendiente,PAGOS MANTENIMIENTO 2025.xlsx (incluye 2019-2025)
404,2023,11,Noviembre,150,0.0,pendiente,PAGOS MANTENIMIENTO 2025.xlsx (incluye 2019-2025)
1,2023,12,Diciembre,150,0.0,pendiente,PAGOS MANTENIMIENTO 2025.xlsx (incluye 2019-2025)
2,2023,12,Diciembre,150,150.0,pagado,PAGOS MANTENIMIENTO 2025.xlsx (incluye 2019-2025)
3,2023,12,Diciembre,150,150.0,pagado,PAGOS MANTENIMIENTO 2025.xlsx (incluye 2019-2025)
4,2023,12,Diciembre,150,0.0,pendiente,PAGOS MANTENIMIENTO 2025.xlsx (incluye 2019-2025)
101,2023,12,Diciembre,150,150.0,pagado,PAGOS MANTENIMIENTO 2025.xlsx (incluye 2019-2025)
102,2023,12,Diciembre,150,150.0,pagado,PAGOS MANTENIMIENTO 2025.xlsx (incluye 2019-2025)
103,2023,12,Diciembre,150,0.0,pendiente,PAGOS MANTENIMIENTO 2025.xlsx (incluye 2019-2025)
104,2023,12,Diciembre,150,0.0,pendiente,PAGOS MANTENIMIENTO 2025.xlsx (incluye 2019-2025)
201,2023,12,Diciembre,150,150.0,pagado,PAGOS MANTENIMIENTO 2025.xlsx (incluye 2019-2025)
202,2023,12,Diciembre,150,150.0,pagado,PAGOS MANTENIMIENTO 2025.xlsx (incluye 2019-2025)
203,2023,12,Diciembre,150,0.0,pendiente,PAGOS MANTENIMIENTO 2025.xlsx (incluye 2019-2025)
204,2023,12,Diciembre,150,0.0,pendiente,PAGOS MANTENIMIENTO 2025.xlsx (incluye 2019-2025)
301,2023,12,Diciembre,150,150.0,pagado,PAGOS MANTENIMIENTO 2025.xlsx (incluye 2019-2025)
302,2023,12,Diciembre,150,150.0,pagado,PAGOS MANTENIMIENTO 2025.xlsx (incluye 2019-2025)
303,2023,12,Diciembre,150,150.0,pagado,PAGOS MANTENIMIENTO 2025.xlsx (incluye 2019-2025)
304,2023,12,Diciembre,150,150.0,pagado,PAGOS MANTENIMIENTO 2025.xlsx (incluye 2019-2025)
401,2023,12,Diciembre,150,0.0,pendiente,PAGOS MANTENIMIENTO 2025.xlsx (incluye 2019-2025)
402,2023,12,Diciembre,150,150.0,pagado,PAGOS MANTENIMIENTO 2025.xlsx (incluye 2019-2025)
403,2023,12,Diciembre,150,0.0,pendiente,PAGOS MANTENIMIENTO 2025.xlsx (incluye 2019-2025)
404,2023,12,Diciembre,150,0.0,pendiente,PAGOS MANTENIMIENTO 2025.xlsx (incluye 2019-2025)
1,2024,1,Enero,150,0.0,pendiente,PAGOS MANTENIMIENTO 2025.xlsx (incluye 2019-2025)
2,2024,1,Enero,150,150.0,pagado,PAGOS MANTENIMIENTO 2025.xlsx (incluye 2019-2025)
3,2024,1,Enero,150,0.0,pendiente,PAGOS MANTENIMIENTO 2025.xlsx (incluye 2019-2025)
4,2024,1,Enero,150,0.0,pendiente,PAGOS MANTENIMIENTO 2025.xlsx (incluye 2019-2025)
101,2024,1,Enero,150,150.0,pagado,PAGOS MANTENIMIENTO 2025.xlsx (incluye 2019-2025)
102,2024,1,Enero,150,150.0,pagado,PAGOS MANTENIMIENTO 2025.xlsx (incluye 2019-2025)
103,2024,1,Enero,150,0.0,pendiente,PAGOS MANTENIMIENTO 2025.xlsx (incluye 2019-2025)
104,2024,1,Enero,150,0.0,pendiente,PAGOS MANTENIMIENTO 2025.xlsx (incluye 2019-2025)
201,2024,1,Enero,150,150.0,pagado,PAGOS MANTENIMIENTO 2025.xlsx (incluye 2019-2025)
202,2024,1,Enero,150,150.0,pagado,PAGOS MANTENIMIENTO 2025.xlsx (incluye 2019-2025)
203,2024,1,Enero,150,0.0,pendiente,PAGOS MANTENIMIENTO 2025.xlsx (incluye 2019-2025)
204,2024,1,Enero,150,0.0,pendiente,PAGOS MANTENIMIENTO 2025.xlsx (incluye 2019-2025)
301,2024,1,Enero,150,150.0,pagado,PAGOS MANTENIMIENTO 2025.xlsx (incluye 2019-2025)
302,2024,1,Enero,150,150.0,pagado,PAGOS MANTENIMIENTO 2025.xlsx (incluye 2019-2025)
303,2024,1,Enero,150,150.0,pagado,PAGOS MANTENIMIENTO 2025.xlsx (incluye 2019-2025)
304,2024,1,Enero,150,150.0,pagado,PAGOS MANTENIMIENTO 2025.xlsx (incluye 2019-2025)
401,2024,1,Enero,150,0.0,pendiente,PAGOS MANTENIMIENTO 2025.xlsx (incluye 2019-2025)
402,2024,1,Enero,150,150.0,pagado,PAGOS MANTENIMIENTO 2025.xlsx (incluye 2019-2025)
403,2024,1,Enero,150,0.0,pendiente,PAGOS MANTENIMIENTO 2025.xlsx (incluye 2019-2025)
404,2024,1,Enero,150,0.0,pendiente,PAGOS MANTENIMIENTO 2025.xlsx (incluye 2019-2025)
1,2024,2,Febrero,150,0.0,pendiente,PAGOS MANTENIMIENTO 2025.xlsx (incluye 2019-2025)
2,2024,2,Febrero,150,150.0,pagado,PAGOS MANTENIMIENTO 2025.xlsx (incluye 2019-2025)
3,2024,2,Febrero,150,0.0,pendiente,PAGOS MANTENIMIENTO 2025.xlsx (incluye 2019-2025)
4,2024,2,Febrero,150,0.0,pendiente,PAGOS MANTENIMIENTO 2025.xlsx (incluye 2019-2025)
101,2024,2,Febrero,150,150.0,pagado,PAGOS MANTENIMIENTO 2025.xlsx (incluye 2019-2025)
102,2024,2,Febrero,150,150.0,pagado,PAGOS MANTENIMIENTO 2025.xlsx (incluye 2019-2025)
103,2024,2,Febrero,150,0.0,pendiente,PAGOS MANTENIMIENTO 2025.xlsx (incluye 2019-2025)
104,2024,2,Febrero,150,0.0,pendiente,PAGOS MANTENIMIENTO 2025.xlsx (incluye 2019-2025)
201,2024,2,Febrero,150,150.0,pagado,PAGOS MANTENIMIENTO 2025.xlsx (incluye 2019-2025)
202,2024,2,Febrero,150,150.0,pagado,PAGOS MANTENIMIENTO 2025.xlsx (incluye 2019-2025)
203,2024,2,Febrero,150,0.0,pendiente,PAGOS MANTENIMIENTO 2025.xlsx (incluye 2019-2025)
204,2024,2,Febrero,150,0.0,pendiente,PAGOS MANTENIMIENTO 2025.xlsx (incluye 2019-2025)
301,2024,2,Febrero,150,150.0,pagado,PAGOS MANTENIMIENTO 2025.xlsx (incluye 2019-2025)
302,2024,2,Febrero,150,150.0,pagado,PAGOS MANTENIMIENTO 2025.xlsx (incluye 2019-2025)
303,2024,2,Febrero,150,150.0,pagado,PAGOS MANTENIMIENTO 2025.xlsx (incluye 2019-2025)
304,2024,2,Febrero,150,150.0,pagado,PAGOS MANTENIMIENTO 2025.xlsx (incluye 2019-2025)
401,2024,2,Febrero,150,0.0,pendiente,PAGOS MANTENIMIENTO 2025.xlsx (incluye 2019-2025)
402,2024,2,Febrero,150,0.0,pendiente,PAGOS MANTENIMIENTO 2025.xlsx (incluye 2019-2025)
403,2024,2,Febrero,150,0.0,pendiente,PAGOS MANTENIMIENTO 2025.xlsx (incluye 2019-2025)
404,2024,2,Febrero,150,0.0,pendiente,PAGOS MANTENIMIENTO 2025.xlsx (incluye 2019-2025)
1,2024,3,Marzo,150,0.0,pendiente,PAGOS MANTENIMIENTO 2025.xlsx (incluye 2019-2025)
2,2024,3,Marzo,150,150.0,pagado,PAGOS MANTENIMIENTO 2025.xlsx (incluye 2019-2025)
3,2024,3,Marzo,150,0.0,pendiente,PAGOS MANTENIMIENTO 2025.xlsx (incluye 2019-2025)
4,2024,3,Marzo,150,0.0,pendiente,PAGOS MANTENIMIENTO 2025.xlsx (incluye 2019-2025)
101,2024,3,Marzo,150,150.0,pagado,PAGOS MANTENIMIENTO 2025.xlsx (incluye 2019-2025)
102,2024,3,Marzo,150,150.0,pagado,PAGOS MANTENIMIENTO 2025.xlsx (incluye 2019-2025)
103,2024,3,Marzo,150,0.0,pendiente,PAGOS MANTENIMIENTO 2025.xlsx (incluye 2019-2025)
104,2024,3,Marzo,150,0.0,pendiente,PAGOS MANTENIMIENTO 2025.xlsx (incluye 2019-2025)
201,2024,3,Marzo,150,150.0,pagado,PAGOS MANTENIMIENTO 2025.xlsx (incluye 2019-2025)
202,2024,3,Marzo,150,150.0,pagado,PAGOS MANTENIMIENTO 2025.xlsx (incluye 2019-2025)
203,2024,3,Marzo,150,0.0,pendiente,PAGOS MANTENIMIENTO 2025.xlsx (incluye 2019-2025)
204,2024,3,Marzo,150,0.0,pendiente,PAGOS MANTENIMIENTO 2025.xlsx (incluye 2019-2025)
301,2024,3,Marzo,150,150.0,pagado,PAGOS MANTENIMIENTO 2025.xlsx (incluye 2019-2025)
302,2024,3,Marzo,150,150.0,pagado,PAGOS MANTENIMIENTO 2025.xlsx (incluye 2019-2025)
303,2024,3,Marzo,150,150.0,pagado,PAGOS MANTENIMIENTO 2025.xlsx (incluye 2019-2025)
304,2024,3,Marzo,150,150.0,pagado,PAGOS MANTENIMIENTO 2025.xlsx (incluye 2019-2025)
401,2024,3,Marzo,150,0.0,pendiente,PAGOS MANTENIMIENTO 2025.xlsx (incluye 2019-2025)
402,2024,3,Marzo,150,0.0,pendiente,PAGOS MANTENIMIENTO 2025.xlsx (incluye 2019-2025)
403,2024,3,Marzo,150,0.0,pendiente,PAGOS MANTENIMIENTO 2025.xlsx (incluye 2019-2025)
404,2024,3,Marzo,150,0.0,pendiente,PAGOS MANTENIMIENTO 2025.xlsx (incluye 2019-2025)
1,2024,4,Abril,150,0.0,pendiente,PAGOS MANTENIMIENTO 2025.xlsx (incluye 2019-2025)
2,2024,4,Abril,150,150.0,pagado,PAGOS MANTENIMIENTO 2025.xlsx (incluye 2019-2025)
3,2024,4,Abril,150,0.0,pendiente,PAGOS MANTENIMIENTO 2025.xlsx (incluye 2019-2025)
4,2024,4,Abril,150,0.0,pendiente,PAGOS MANTENIMIENTO 2025.xlsx (incluye 2019-2025)
101,2024,4,Abril,150,150.0,pagado,PAGOS MANTENIMIENTO 2025.xlsx (incluye 2019-2025)
102,2024,4,Abril,150,150.0,pagado,PAGOS MANTENIMIENTO 2025.xlsx (incluye 2019-2025)
103,2024,4,Abril,150,0.0,pendiente,PAGOS MANTENIMIENTO 2025.xlsx (incluye 2019-2025)
104,2024,4,Abril,150,0.0,pendiente,PAGOS MANTENIMIENTO 2025.xlsx (incluye 2019-2025)
201,2024,4,Abril,150,150.0,pagado,PAGOS MANTENIMIENTO 2025.xlsx (incluye 2019-2025)
202,2024,4,Abril,150,150.0,pagado,PAGOS MANTENIMIENTO 2025.xlsx (incluye 2019-2025)
203,2024,4,Abril,150,0.0,pendiente,PAGOS MANTENIMIENTO 2025.xlsx (incluye 2019-2025)
204,2024,4,Abril,150,0.0,pendiente,PAGOS MANTENIMIENTO 2025.xlsx (incluye 2019-2025)
301,2024,4,Abril,150,150.0,pagado,PAGOS MANTENIMIENTO 2025.xlsx (incluye 2019-2025)
302,2024,4,Abril,150,150.0,pagado,PAGOS MANTENIMIENTO 2025.xlsx (incluye 2019-2025)
303,2024,4,Abril,150,150.0,pagado,PAGOS MANTENIMIENTO 2025.xlsx (incluye 2019-2025)
304,2024,4,Abril,150,150.0,pagado,PAGOS MANTENIMIENTO 2025.xlsx (incluye 2019-2025)
401,2024,4,Abril,150,0.0,pendiente,PAGOS MANTENIMIENTO 2025.xlsx (incluye 2019-2025)
402,2024,4,Abril,150,0.0,pendiente,PAGOS MANTENIMIENTO 2025.xlsx (incluye 2019-2025)
403,2024,4,Abril,150,0.0,pendiente,PAGOS MANTENIMIENTO 2025.xlsx (incluye 2019-2025)
404,2024,4,Abril,150,0.0,pendiente,PAGOS MANTENIMIENTO 2025.xlsx (incluye 2019-2025)
1,2024,5,Mayo,150,0.0,pendiente,PAGOS MANTENIMIENTO 2025.xlsx (incluye 2019-2025)
2,2024,5,Mayo,150,150.0,pagado,PAGOS MANTENIMIENTO 2025.xlsx (incluye 2019-2025)
3,2024,5,Mayo,150,0.0,pendiente,PAGOS MANTENIMIENTO 2025.xlsx (incluye 2019-2025)
4,2024,5,Mayo,150,0.0,pendiente,PAGOS MANTENIMIENTO 2025.xlsx (incluye 2019-2025)
101,2024,5,Mayo,150,150.0,pagado,PAGOS MANTENIMIENTO 2025.xlsx (incluye 2019-2025)
102,2024,5,Mayo,150,0.0,pendiente,PAGOS MANTENIMIENTO 2025.xlsx (incluye 2019-2025)
103,2024,5,Mayo,150,0.0,pendiente,PAGOS MANTENIMIENTO 2025.xlsx (incluye 2019-2025)
104,2024,5,Mayo,150,0.0,pendiente,PAGOS MANTENIMIENTO 2025.xlsx (incluye 2019-2025)
201,2024,5,Mayo,150,150.0,pagado,PAGOS MANTENIMIENTO 2025.xlsx (incluye 2019-2025)
202,2024,5,Mayo,150,150.0,pagado,PAGOS MANTENIMIENTO 2025.xlsx (incluye 2019-2025)
203,2024,5,Mayo,150,0.0,pendiente,PAGOS MANTENIMIENTO 2025.xlsx (incluye 2019-2025)
204,2024,5,Mayo,150,0.0,pendiente,PAGOS MANTENIMIENTO 2025.xlsx (incluye 2019-2025)
301,2024,5,Mayo,150,150.0,pagado,PAGOS MANTENIMIENTO 2025.xlsx (incluye 2019-2025)
302,2024,5,Mayo,150,150.0,pagado,PAGOS MANTENIMIENTO 2025.xlsx (incluye 2019-2025)
303,2024,5,Mayo,150,150.0,pagado,PAGOS MANTENIMIENTO 2025.xlsx (incluye 2019-2025)
304,2024,5,Mayo,150,150.0,pagado,PAGOS MANTENIMIENTO 2025.xlsx (incluye 2019-2025)
401,2024,5,Mayo,150,0.0,pendiente,PAGOS MANTENIMIENTO 2025.xlsx (incluye 2019-2025)
402,2024,5,Mayo,150,0.0,pendiente,PAGOS MANTENIMIENTO 2025.xlsx (incluye 2019-2025)
403,2024,5,Mayo,150,0.0,pendiente,PAGOS MANTENIMIENTO 2025.xlsx (incluye 2019-2025)
404,2024,5,Mayo,150,0.0,pendiente,PAGOS MANTENIMIENTO 2025.xlsx (incluye 2019-2025)
1,2024,6,Junio,150,0.0,pendiente,PAGOS MANTENIMIENTO 2025.xlsx (incluye 2019-2025)
2,2024,6,Junio,150,150.0,pagado,PAGOS MANTENIMIENTO 2025.xlsx (incluye 2019-2025)
3,2024,6,Junio,150,0.0,pendiente,PAGOS MANTENIMIENTO 2025.xlsx (incluye 2019-2025)
4,2024,6,Junio,150,0.0,pendiente,PAGOS MANTENIMIENTO 2025.xlsx (incluye 2019-2025)
101,2024,6,Junio,150,150.0,pagado,PAGOS MANTENIMIENTO 2025.xlsx (incluye 2019-2025)
102,2024,6,Junio,150,0.0,pendiente,PAGOS MANTENIMIENTO 2025.xlsx (incluye 2019-2025)
103,2024,6,Junio,150,0.0,pendiente,PAGOS MANTENIMIENTO 2025.xlsx (incluye 2019-2025)
104,2024,6,Junio,150,0.0,pendiente,PAGOS MANTENIMIENTO 2025.xlsx (incluye 2019-2025)
201,2024,6,Junio,150,150.0,pagado,PAGOS MANTENIMIENTO 2025.xlsx (incluye 2019-2025)
202,2024,6,Junio,150,150.0,pagado,PAGOS MANTENIMIENTO 2025.xlsx (incluye 2019-2025)
203,2024,6,Junio,150,0.0,pendiente,PAGOS MANTENIMIENTO 2025.xlsx (incluye 2019-2025)
204,2024,6,Junio,150,0.0,pendiente,PAGOS MANTENIMIENTO 2025.xlsx (incluye 2019-2025)
301,2024,6,Junio,150,150.0,pagado,PAGOS MANTENIMIENTO 2025.xlsx (incluye 2019-2025)
302,2024,6,Junio,150,150.0,pagado,PAGOS MANTENIMIENTO 2025.xlsx (incluye 2019-2025)
303,2024,6,Junio,150,150.0,pagado,PAGOS MANTENIMIENTO 2025.xlsx (incluye 2019-2025)
304,2024,6,Junio,150,150.0,pagado,PAGOS MANTENIMIENTO 2025.xlsx (incluye 2019-2025)
401,2024,6,Junio,150,0.0,pendiente,PAGOS MANTENIMIENTO 2025.xlsx (incluye 2019-2025)
402,2024,6,Junio,150,0.0,pendiente,PAGOS MANTENIMIENTO 2025.xlsx (incluye 2019-2025)
403,2024,6,Junio,150,0.0,pendiente,PAGOS MANTENIMIENTO 2025.xlsx (incluye 2019-2025)
404,2024,6,Junio,150,0.0,pendiente,PAGOS MANTENIMIENTO 2025.xlsx (incluye 2019-2025)
1,2024,7,Julio,150,0.0,pendiente,PAGOS MANTENIMIENTO 2025.xlsx (incluye 2019-2025)
2,2024,7,Julio,150,150.0,pagado,PAGOS MANTENIMIENTO 2025.xlsx (incluye 2019-2025)
3,2024,7,Julio,150,0.0,pendiente,PAGOS MANTENIMIENTO 2025.xlsx (incluye 2019-2025)
4,2024,7,Julio,150,0.0,pendiente,PAGOS MANTENIMIENTO 2025.xlsx (incluye 2019-2025)
101,2024,7,Julio,150,150.0,pagado,PAGOS MANTENIMIENTO 2025.xlsx (incluye 2019-2025)
102,2024,7,Julio,150,0.0,pendiente,PAGOS MANTENIMIENTO 2025.xlsx (incluye 2019-2025)
103,2024,7,Julio,150,0.0,pendiente,PAGOS MANTENIMIENTO 2025.xlsx (incluye 2019-2025)
104,2024,7,Julio,150,0.0,pendiente,PAGOS MANTENIMIENTO 2025.xlsx (incluye 2019-2025)
201,2024,7,Julio,150,150.0,pagado,PAGOS MANTENIMIENTO 2025.xlsx (incluye 2019-2025)
202,2024,7,Julio,150,150.0,pagado,PAGOS MANTENIMIENTO 2025.xlsx (incluye 2019-2025)
203,2024,7,Julio,150,0.0,pendiente,PAGOS MANTENIMIENTO 2025.xlsx (incluye 2019-2025)
204,2024,7,Julio,150,0.0,pendiente,PAGOS MANTENIMIENTO 2025.xlsx (incluye 2019-2025)
301,2024,7,Julio,150,150.0,pagado,PAGOS MANTENIMIENTO 2025.xlsx (incluye 2019-2025)
302,2024,7,Julio,150,150.0,pagado,PAGOS MANTENIMIENTO 2025.xlsx (incluye 2019-2025)
303,2024,7,Julio,150,150.0,pagado,PAGOS MANTENIMIENTO 2025.xlsx (incluye 2019-2025)
304,2024,7,Julio,150,150.0,pagado,PAGOS MANTENIMIENTO 2025.xlsx (incluye 2019-2025)
401,2024,7,Julio,150,0.0,pendiente,PAGOS MANTENIMIENTO 2025.xlsx (incluye 2019-2025)
402,2024,7,Julio,150,0.0,pendiente,PAGOS MANTENIMIENTO 2025.xlsx (incluye 2019-2025)
403,2024,7,Julio,150,0.0,pendiente,PAGOS MANTENIMIENTO 2025.xlsx (incluye 2019-2025)
404,2024,7,Julio,150,0.0,pendiente,PAGOS MANTENIMIENTO 2025.xlsx (incluye 2019-2025)
1,2024,8,Agosto,150,0.0,pendiente,PAGOS MANTENIMIENTO 2025.xlsx (incluye 2019-2025)
2,2024,8,Agosto,150,150.0,pagado,PAGOS MANTENIMIENTO 2025.xlsx (incluye 2019-2025)
3,2024,8,Agosto,150,0.0,pendiente,PAGOS MANTENIMIENTO 2025.xlsx (incluye 2019-2025)
4,2024,8,Agosto,150,0.0,pendiente,PAGOS MANTENIMIENTO 2025.xlsx (incluye 2019-2025)
101,2024,8,Agosto,150,150.0,pagado,PAGOS MANTENIMIENTO 2025.xlsx (incluye 2019-2025)
102,2024,8,Agosto,150,0.0,pendiente,PAGOS MANTENIMIENTO 2025.xlsx (incluye 2019-2025)
103,2024,8,Agosto,150,0.0,pendiente,PAGOS MANTENIMIENTO 2025.xlsx (incluye 2019-2025)
104,2024,8,Agosto,150,0.0,pendiente,PAGOS MANTENIMIENTO 2025.xlsx (incluye 2019-2025)
201,2024,8,Agosto,150,150.0,pagado,PAGOS MANTENIMIENTO 2025.xlsx (incluye 2019-2025)
202,2024,8,Agosto,150,150.0,pagado,PAGOS MANTENIMIENTO 2025.xlsx (incluye 2019-2025)
203,2024,8,Agosto,150,0.0,pendiente,PAGOS MANTENIMIENTO 2025.xlsx (incluye 2019-2025)
204,2024,8,Agosto,150,0.0,pendiente,PAGOS MANTENIMIENTO 2025.xlsx (incluye 2019-2025)
301,2024,8,Agosto,150,150.0,pagado,PAGOS MANTENIMIENTO 2025.xlsx (incluye 2019-2025)
302,2024,8,Agosto,150,150.0,pagado,PAGOS MANTENIMIENTO 2025.xlsx (incluye 2019-2025)
303,2024,8,Agosto,150,150.0,pagado,PAGOS MANTENIMIENTO 2025.xlsx (incluye 2019-2025)
304,2024,8,Agosto,150,150.0,pagado,PAGOS MANTENIMIENTO 2025.xlsx (incluye 2019-2025)
401,2024,8,Agosto,150,0.0,pendiente,PAGOS MANTENIMIENTO 2025.xlsx (incluye 2019-2025)
402,2024,8,Agosto,150,0.0,pendiente,PAGOS MANTENIMIENTO 2025.xlsx (incluye 2019-2025)
403,2024,8,Agosto,150,0.0,pendiente,PAGOS MANTENIMIENTO 2025.xlsx (incluye 2019-2025)
404,2024,8,Agosto,150,0.0,pendiente,PAGOS MANTENIMIENTO 2025.xlsx (incluye 2019-2025)
1,2024,9,Septiembre,150,0.0,pendiente,PAGOS MANTENIMIENTO 2025.xlsx (incluye 2019-2025)
2,2024,9,Septiembre,150,150.0,pagado,PAGOS MANTENIMIENTO 2025.xlsx (incluye 2019-2025)
3,2024,9,Septiembre,150,0.0,pendiente,PAGOS MANTENIMIENTO 2025.xlsx (incluye 2019-2025)
4,2024,9,Septiembre,150,0.0,pendiente,PAGOS MANTENIMIENTO 2025.xlsx (incluye 2019-2025)
101,2024,9,Septiembre,150,150.0,pagado,PAGOS MANTENIMIENTO 2025.xlsx (incluye 2019-2025)
102,2024,9,Septiembre,150,0.0,pendiente,PAGOS MANTENIMIENTO 2025.xlsx (incluye 2019-2025)
103,2024,9,Septiembre,150,0.0,pendiente,PAGOS MANTENIMIENTO 2025.xlsx (incluye 2019-2025)
104,2024,9,Septiembre,150,0.0,pendiente,PAGOS MANTENIMIENTO 2025.xlsx (incluye 2019-2025)
201,2024,9,Septiembre,150,150.0,pagado,PAGOS MANTENIMIENTO 2025.xlsx (incluye 2019-2025)
202,2024,9,Septiembre,150,150.0,pagado,PAGOS MANTENIMIENTO 2025.xlsx (incluye 2019-2025)
203,2024,9,Septiembre,150,0.0,pendiente,PAGOS MANTENIMIENTO 2025.xlsx (incluye 2019-2025)
204,2024,9,Septiembre,150,0.0,pendiente,PAGOS MANTENIMIENTO 2025.xlsx (incluye 2019-2025)
301,2024,9,Septiembre,150,150.0,pagado,PAGOS MANTENIMIENTO 2025.xlsx (incluye 2019-2025)
302,2024,9,Septiembre,150,150.0,pagado,PAGOS MANTENIMIENTO 2025.xlsx (incluye 2019-2025)
303,2024,9,Septiembre,150,150.0,pagado,PAGOS MANTENIMIENTO 2025.xlsx (incluye 2019-2025)
304,2024,9,Septiembre,150,150.0,pagado,PAGOS MANTENIMIENTO 2025.xlsx (incluye 2019-2025)
401,2024,9,Septiembre,150,0.0,pendiente,PAGOS MANTENIMIENTO 2025.xlsx (incluye 2019-2025)
402,2024,9,Septiembre,150,0.0,pendiente,PAGOS MANTENIMIENTO 2025.xlsx (incluye 2019-2025)
403,2024,9,Septiembre,150,0.0,pendiente,PAGOS MANTENIMIENTO 2025.xlsx (incluye 2019-2025)
404,2024,9,Septiembre,150,0.0,pendiente,PAGOS MANTENIMIENTO 2025.xlsx (incluye 2019-2025)
1,2024,10,Octubre,150,0.0,pendiente,PAGOS MANTENIMIENTO 2025.xlsx (incluye 2019-2025)
2,2024,10,Octubre,150,150.0,pagado,PAGOS MANTENIMIENTO 2025.xlsx (incluye 2019-2025)
3,2024,10,Octubre,150,0.0,pendiente,PAGOS MANTENIMIENTO 2025.xlsx (incluye 2019-2025)
4,2024,10,Octubre,150,0.0,pendiente,PAGOS MANTENIMIENTO 2025.xlsx (incluye 2019-2025)
101,2024,10,Octubre,150,150.0,pagado,PAGOS MANTENIMIENTO 2025.xlsx (incluye 2019-2025)
102,2024,10,Octubre,150,0.0,pendiente,PAGOS MANTENIMIENTO 2025.xlsx (incluye 2019-2025)
103,2024,10,Octubre,150,0.0,pendiente,PAGOS MANTENIMIENTO 2025.xlsx (incluye 2019-2025)
104,2024,10,Octubre,150,0.0,pendiente,PAGOS MANTENIMIENTO 2025.xlsx (incluye 2019-2025)
201,2024,10,Octubre,150,150.0,pagado,PAGOS MANTENIMIENTO 2025.xlsx (incluye 2019-2025)
202,2024,10,Octubre,150,150.0,pagado,PAGOS MANTENIMIENTO 2025.xlsx (incluye 2019-2025)
203,2024,10,Octubre,150,0.0,pendiente,PAGOS MANTENIMIENTO 2025.xlsx (incluye 2019-2025)
204,2024,10,Octubre,150,0.0,pendiente,PAGOS MANTENIMIENTO 2025.xlsx (incluye 2019-2025)
301,2024,10,Octubre,150,150.0,pagado,PAGOS MANTENIMIENTO 2025.xlsx (incluye 2019-2025)
302,2024,10,Octubre,150,150.0,pagado,PAGOS MANTENIMIENTO 2025.xlsx (incluye 2019-2025)
303,2024,10,Octubre,150,150.0,pagado,PAGOS MANTENIMIENTO 2025.xlsx (incluye 2019-2025)
304,2024,10,Octubre,150,150.0,pagado,PAGOS MANTENIMIENTO 2025.xlsx (incluye 2019-2025)
401,2024,10,Octubre,150,0.0,pendiente,PAGOS MANTENIMIENTO 2025.xlsx (incluye 2019-2025)
402,2024,10,Octubre,150,0.0,pendiente,PAGOS MANTENIMIENTO 2025.xlsx (incluye 2019-2025)
403,2024,10,Octubre,150,0.0,pendiente,PAGOS MANTENIMIENTO 2025.xlsx (incluye 2019-2025)
404,2024,10,Octubre,150,0.0,pendiente,PAGOS MANTENIMIENTO 2025.xlsx (incluye 2019-2025)
1,2024,11,Noviembre,150,0.0,pendiente,PAGOS MANTENIMIENTO 2025.xlsx (incluye 2019-2025)
2,2024,11,Noviembre,150,150.0,pagado,PAGOS MANTENIMIENTO 2025.xlsx (incluye 2019-2025)
3,2024,11,Noviembre,150,0.0,pendiente,PAGOS MANTENIMIENTO 2025.xlsx (incluye 2019-2025)
4,2024,11,Noviembre,150,0.0,pendiente,PAGOS MANTENIMIENTO 2025.xlsx (incluye 2019-2025)
101,2024,11,Noviembre,150,150.0,pagado,PAGOS MANTENIMIENTO 2025.xlsx (incluye 2019-2025)
102,2024,11,Noviembre,150,0.0,pendiente,PAGOS MANTENIMIENTO 2025.xlsx (incluye 2019-2025)
103,2024,11,Noviembre,150,0.0,pendiente,PAGOS MANTENIMIENTO 2025.xlsx (incluye 2019-2025)
104,2024,11,Noviembre,150,0.0,pendiente,PAGOS MANTENIMIENTO 2025.xlsx (incluye 2019-2025)
201,2024,11,Noviembre,150,150.0,pagado,PAGOS MANTENIMIENTO 2025.xlsx (incluye 2019-2025)
202,2024,11,Noviembre,150,150.0,pagado,PAGOS MANTENIMIENTO 2025.xlsx (incluye 2019-2025)
203,2024,11,Noviembre,150,0.0,pendiente,PAGOS MANTENIMIENTO 2025.xlsx (incluye 2019-2025)
204,2024,11,Noviembre,150,0.0,pendiente,PAGOS MANTENIMIENTO 2025.xlsx (incluye 2019-2025)
301,2024,11,Noviembre,150,150.0,pagado,PAGOS MANTENIMIENTO 2025.xlsx (incluye 2019-2025)
302,2024,11,Noviembre,150,150.0,pagado,PAGOS MANTENIMIENTO 2025.xlsx (incluye 2019-2025)
303,2024,11,Noviembre,150,150.0,pagado,PAGOS MANTENIMIENTO 2025.xlsx (incluye 2019-2025)
304,2024,11,Noviembre,150,150.0,pagado,PAGOS MANTENIMIENTO 2025.xlsx (incluye 2019-2025)
401,2024,11,Noviembre,150,0.0,pendiente,PAGOS MANTENIMIENTO 2025.xlsx (incluye 2019-2025)
402,2024,11,Noviembre,150,0.0,pendiente,PAGOS MANTENIMIENTO 2025.xlsx (incluye 2019-2025)
403,2024,11,Noviembre,150,0.0,pendiente,PAGOS MANTENIMIENTO 2025.xlsx (incluye 2019-2025)
404,2024,11,Noviembre,150,0.0,pendiente,PAGOS MANTENIMIENTO 2025.xlsx (incluye 2019-2025)
1,2024,12,Diciembre,150,0.0,pendiente,PAGOS MANTENIMIENTO 2025.xlsx (incluye 2019-2025)
2,2024,12,Diciembre,150,150.0,pagado,PAGOS MANTENIMIENTO 2025.xlsx (incluye 2019-2025)
3,2024,12,Diciembre,150,0.0,pendiente,PAGOS MANTENIMIENTO 2025.xlsx (incluye 2019-2025)
4,2024,12,Diciembre,150,0.0,pendiente,PAGOS MANTENIMIENTO 2025.xlsx (incluye 2019-2025)
101,2024,12,Diciembre,150,150.0,pagado,PAGOS MANTENIMIENTO 2025.xlsx (incluye 2019-2025)
102,2024,12,Diciembre,150,0.0,pendiente,PAGOS MANTENIMIENTO 2025.xlsx (incluye 2019-2025)
103,2024,12,Diciembre,150,0.0,pendiente,PAGOS MANTENIMIENTO 2025.xlsx (incluye 2019-2025)
104,2024,12,Diciembre,150,0.0,pendiente,PAGOS MANTENIMIENTO 2025.xlsx (incluye 2019-2025)
201,2024,12,Diciembre,150,150.0,pagado,PAGOS MANTENIMIENTO 2025.xlsx (incluye 2019-2025)
202,2024,12,Diciembre,150,150.0,pagado,PAGOS MANTENIMIENTO 2025.xlsx (incluye 2019-2025)
203,2024,12,Diciembre,150,0.0,pendiente,PAGOS MANTENIMIENTO 2025.xlsx (incluye 2019-2025)
204,2024,12,Diciembre,150,0.0,pendiente,PAGOS MANTENIMIENTO 2025.xlsx (incluye 2019-2025)
301,2024,12,Diciembre,150,150.0,pagado,PAGOS MANTENIMIENTO 2025.xlsx (incluye 2019-2025)
302,2024,12,Diciembre,150,150.0,pagado,PAGOS MANTENIMIENTO 2025.xlsx (incluye 2019-2025)
303,2024,12,Diciembre,150,150.0,pagado,PAGOS MANTENIMIENTO 2025.xlsx (incluye 2019-2025)
304,2024,12,Diciembre,150,150.0,pagado,PAGOS MANTENIMIENTO 2025.xlsx (incluye 2019-2025)
401,2024,12,Diciembre,150,0.0,pendiente,PAGOS MANTENIMIENTO 2025.xlsx (incluye 2019-2025)
402,2024,12,Diciembre,150,0.0,pendiente,PAGOS MANTENIMIENTO 2025.xlsx (incluye 2019-2025)
403,2024,12,Diciembre,150,150.0,pagado,PAGOS MANTENIMIENTO 2025.xlsx (incluye 2019-2025)
404,2024,12,Diciembre,150,150.0,pagado,PAGOS MANTENIMIENTO 2025.xlsx (incluye 2019-2025)
1,2025,1,Enero,150,0.0,pendiente,PAGOS MANTENIMIENTO 2025.xlsx (incluye 2019-2025)
2,2025,1,Enero,150,150.0,pagado,PAGOS MANTENIMIENTO 2025.xlsx (incluye 2019-2025)
3,2025,1,Enero,150,0.0,pendiente,PAGOS MANTENIMIENTO 2025.xlsx (incluye 2019-2025)
4,2025,1,Enero,150,0.0,pendiente,PAGOS MANTENIMIENTO 2025.xlsx (incluye 2019-2025)
101,2025,1,Enero,150,0.0,pendiente,PAGOS MANTENIMIENTO 2025.xlsx (incluye 2019-2025)
102,2025,1,Enero,150,0.0,pendiente,PAGOS MANTENIMIENTO 2025.xlsx (incluye 2019-2025)
103,2025,1,Enero,150,0.0,pendiente,PAGOS MANTENIMIENTO 2025.xlsx (incluye 2019-2025)
104,2025,1,Enero,150,0.0,pendiente,PAGOS MANTENIMIENTO 2025.xlsx (incluye 2019-2025)
201,2025,1,Enero,150,150.0,pagado,PAGOS MANTENIMIENTO 2025.xlsx (incluye 2019-2025)
202,2025,1,Enero,150,150.0,pagado,PAGOS MANTENIMIENTO 2025.xlsx (incluye 2019-2025)
203,2025,1,Enero,150,0.0,pendiente,PAGOS MANTENIMIENTO 2025.xlsx (incluye 2019-2025)
204,2025,1,Enero,150,0.0,pendiente,PAGOS MANTENIMIENTO 2025.xlsx (incluye 2019-2025)
301,2025,1,Enero,150,150.0,pagado,PAGOS MANTENIMIENTO 2025.xlsx (incluye 2019-2025)
302,2025,1,Enero,150,150.0,pagado,PAGOS MANTENIMIENTO 2025.xlsx (incluye 2019-2025)
303,2025,1,Enero,150,150.0,pagado,PAGOS MANTENIMIENTO 2025.xlsx (incluye 2019-2025)
304,2025,1,Enero,150,150.0,pagado,PAGOS MANTENIMIENTO 2025.xlsx (incluye 2019-2025)
401,2025,1,Enero,150,150.0,pagado,PAGOS MANTENIMIENTO 2025.xlsx (incluye 2019-2025)
402,2025,1,Enero,150,0.0,pendiente,PAGOS MANTENIMIENTO 2025.xlsx (incluye 2019-2025)
403,2025,1,Enero,150,150.0,pagado,PAGOS MANTENIMIENTO 2025.xlsx (incluye 2019-2025)
404,2025,1,Enero,150,150.0,pagado,PAGOS MANTENIMIENTO 2025.xlsx (incluye 2019-2025)
1,2025,2,Febrero,150,0.0,pendiente,PAGOS MANTENIMIENTO 2025.xlsx (incluye 2019-2025)
2,2025,2,Febrero,150,150.0,pagado,PAGOS MANTENIMIENTO 2025.xlsx (incluye 2019-2025)
3,2025,2,Febrero,150,0.0,pendiente,PAGOS MANTENIMIENTO 2025.xlsx (incluye 2019-2025)
4,2025,2,Febrero,150,0.0,pendiente,PAGOS MANTENIMIENTO 2025.xlsx (incluye 2019-2025)
101,2025,2,Febrero,150,0.0,pendiente,PAGOS MANTENIMIENTO 2025.xlsx (incluye 2019-2025)
102,2025,2,Febrero,150,0.0,pendiente,PAGOS MANTENIMIENTO 2025.xlsx (incluye 2019-2025)
103,2025,2,Febrero,150,0.0,pendiente,PAGOS MANTENIMIENTO 2025.xlsx (incluye 2019-2025)
104,2025,2,Febrero,150,0.0,pendiente,PAGOS MANTENIMIENTO 2025.xlsx (incluye 2019-2025)
201,2025,2,Febrero,150,150.0,pagado,PAGOS MANTENIMIENTO 2025.xlsx (incluye 2019-2025)
202,2025,2,Febrero,150,150.0,pagado,PAGOS MANTENIMIENTO 2025.xlsx (incluye 2019-2025)
203,2025,2,Febrero,150,0.0,pendiente,PAGOS MANTENIMIENTO 2025.xlsx (incluye 2019-2025)
204,2025,2,Febrero,150,0.0,pendiente,PAGOS MANTENIMIENTO 2025.xlsx (incluye 2019-2025)
301,2025,2,Febrero,150,150.0,pagado,PAGOS MANTENIMIENTO 2025.xlsx (incluye 2019-2025)
302,2025,2,Febrero,150,150.0,pagado,PAGOS MANTENIMIENTO 2025.xlsx (incluye 2019-2025)
303,2025,2,Febrero,150,150.0,pagado,PAGOS MANTENIMIENTO 2025.xlsx (incluye 2019-2025)
304,2025,2,Febrero,150,150.0,pagado,PAGOS MANTENIMIENTO 2025.xlsx (incluye 2019-2025)
401,2025,2,Febrero,150,150.0,pagado,PAGOS MANTENIMIENTO 2025.xlsx (incluye 2019-2025)
402,2025,2,Febrero,150,0.0,pendiente,PAGOS MANTENIMIENTO 2025.xlsx (incluye 2019-2025)
403,2025,2,Febrero,150,150.0,pagado,PAGOS MANTENIMIENTO 2025.xlsx (incluye 2019-2025)
404,2025,2,Febrero,150,150.0,pagado,PAGOS MANTENIMIENTO 2025.xlsx (incluye 2019-2025)
1,2025,3,Marzo,150,0.0,pendiente,PAGOS MANTENIMIENTO 2025.xlsx (incluye 2019-2025)
2,2025,3,Marzo,150,150.0,pagado,PAGOS MANTENIMIENTO 2025.xlsx (incluye 2019-2025)
3,2025,3,Marzo,150,0.0,pendiente,PAGOS MANTENIMIENTO 2025.xlsx (incluye 2019-2025)
4,2025,3,Marzo,150,0.0,pendiente,PAGOS MANTENIMIENTO 2025.xlsx (incluye 2019-2025)
101,2025,3,Marzo,150,0.0,pendiente,PAGOS MANTENIMIENTO 2025.xlsx (incluye 2019-2025)
102,2025,3,Marzo,150,0.0,pendiente,PAGOS MANTENIMIENTO 2025.xlsx (incluye 2019-2025)
103,2025,3,Marzo,150,0.0,pendiente,PAGOS MANTENIMIENTO 2025.xlsx (incluye 2019-2025)
104,2025,3,Marzo,150,0.0,pendiente,PAGOS MANTENIMIENTO 2025.xlsx (incluye 2019-2025)
201,2025,3,Marzo,150,150.0,pagado,PAGOS MANTENIMIENTO 2025.xlsx (incluye 2019-2025)
202,2025,3,Marzo,150,150.0,pagado,PAGOS MANTENIMIENTO 2025.xlsx (incluye 2019-2025)
203,2025,3,Marzo,150,0.0,pendiente,PAGOS MANTENIMIENTO 2025.xlsx (incluye 2019-2025)
204,2025,3,Marzo,150,0.0,pendiente,PAGOS MANTENIMIENTO 2025.xlsx (incluye 2019-2025)
301,2025,3,Marzo,150,150.0,pagado,PAGOS MANTENIMIENTO 2025.xlsx (incluye 2019-2025)
302,2025,3,Marzo,150,150.0,pagado,PAGOS MANTENIMIENTO 2025.xlsx (incluye 2019-2025)
303,2025,3,Marzo,150,150.0,pagado,PAGOS MANTENIMIENTO 2025.xlsx (incluye 2019-2025)
304,2025,3,Marzo,150,150.0,pagado,PAGOS MANTENIMIENTO 2025.xlsx (incluye 2019-2025)
401,2025,3,Marzo,150,0.0,pendiente,PAGOS MANTENIMIENTO 2025.xlsx (incluye 2019-2025)
402,2025,3,Marzo,150,0.0,pendiente,PAGOS MANTENIMIENTO 2025.xlsx (incluye 2019-2025)
403,2025,3,Marzo,150,150.0,pagado,PAGOS MANTENIMIENTO 2025.xlsx (incluye 2019-2025)
404,2025,3,Marzo,150,150.0,pagado,PAGOS MANTENIMIENTO 2025.xlsx (incluye 2019-2025)
1,2025,4,Abril,150,0.0,pendiente,PAGOS MANTENIMIENTO 2025.xlsx (incluye 2019-2025)
2,2025,4,Abril,150,150.0,pagado,PAGOS MANTENIMIENTO 2025.xlsx (incluye 2019-2025)
3,2025,4,Abril,150,0.0,pendiente,PAGOS MANTENIMIENTO 2025.xlsx (incluye 2019-2025)
4,2025,4,Abril,150,0.0,pendiente,PAGOS MANTENIMIENTO 2025.xlsx (incluye 2019-2025)
101,2025,4,Abril,150,0.0,pendiente,PAGOS MANTENIMIENTO 2025.xlsx (incluye 2019-2025)
102,2025,4,Abril,150,0.0,pendiente,PAGOS MANTENIMIENTO 2025.xlsx (incluye 2019-2025)
103,2025,4,Abril,150,0.0,pendiente,PAGOS MANTENIMIENTO 2025.xlsx (incluye 2019-2025)
104,2025,4,Abril,150,0.0,pendiente,PAGOS MANTENIMIENTO 2025.xlsx (incluye 2019-2025)
201,2025,4,Abril,150,150.0,pagado,PAGOS MANTENIMIENTO 2025.xlsx (incluye 2019-2025)
202,2025,4,Abril,150,150.0,pagado,PAGOS MANTENIMIENTO 2025.xlsx (incluye 2019-2025)
203,2025,4,Abril,150,0.0,pendiente,PAGOS MANTENIMIENTO 2025.xlsx (incluye 2019-2025)
204,2025,4,Abril,150,0.0,pendiente,PAGOS MANTENIMIENTO 2025.xlsx (incluye 2019-2025)
301,2025,4,Abril,150,150.0,pagado,PAGOS MANTENIMIENTO 2025.xlsx (incluye 2019-2025)
302,2025,4,Abril,150,150.0,pagado,PAGOS MANTENIMIENTO 2025.xlsx (incluye 2019-2025)
303,2025,4,Abril,150,150.0,pagado,PAGOS MANTENIMIENTO 2025.xlsx (incluye 2019-2025)
304,2025,4,Abril,150,150.0,pagado,PAGOS MANTENIMIENTO 2025.xlsx (incluye 2019-2025)
401,2025,4,Abril,150,0.0,pendiente,PAGOS MANTENIMIENTO 2025.xlsx (incluye 2019-2025)
402,2025,4,Abril,150,0.0,pendiente,PAGOS MANTENIMIENTO 2025.xlsx (incluye 2019-2025)
403,2025,4,Abril,150,0.0,pendiente,PAGOS MANTENIMIENTO 2025.xlsx (incluye 2019-2025)
404,2025,4,Abril,150,150.0,pagado,PAGOS MANTENIMIENTO 2025.xlsx (incluye 2019-2025)
1,2025,5,Mayo,150,0.0,pendiente,PAGOS MANTENIMIENTO 2025.xlsx (incluye 2019-2025)
2,2025,5,Mayo,150,150.0,pagado,PAGOS MANTENIMIENTO 2025.xlsx (incluye 2019-2025)
3,2025,5,Mayo,150,0.0,pendiente,PAGOS MANTENIMIENTO 2025.xlsx (incluye 2019-2025)
4,2025,5,Mayo,150,0.0,pendiente,PAGOS MANTENIMIENTO 2025.xlsx (incluye 2019-2025)
101,2025,5,Mayo,150,0.0,pendiente,PAGOS MANTENIMIENTO 2025.xlsx (incluye 2019-2025)
102,2025,5,Mayo,150,0.0,pendiente,PAGOS MANTENIMIENTO 2025.xlsx (incluye 2019-2025)
103,2025,5,Mayo,150,0.0,pendiente,PAGOS MANTENIMIENTO 2025.xlsx (incluye 2019-2025)
104,2025,5,Mayo,150,0.0,pendiente,PAGOS MANTENIMIENTO 2025.xlsx (incluye 2019-2025)
201,2025,5,Mayo,150,150.0,pagado,PAGOS MANTENIMIENTO 2025.xlsx (incluye 2019-2025)
202,2025,5,Mayo,150,150.0,pagado,PAGOS MANTENIMIENTO 2025.xlsx (incluye 2019-2025)
203,2025,5,Mayo,150,0.0,pendiente,PAGOS MANTENIMIENTO 2025.xlsx (incluye 2019-2025)
204,2025,5,Mayo,150,0.0,pendiente,PAGOS MANTENIMIENTO 2025.xlsx (incluye 2019-2025)
301,2025,5,Mayo,150,150.0,pagado,PAGOS MANTENIMIENTO 2025.xlsx (incluye 2019-2025)
302,2025,5,Mayo,150,150.0,pagado,PAGOS MANTENIMIENTO 2025.xlsx (incluye 2019-2025)
303,2025,5,Mayo,150,150.0,pagado,PAGOS MANTENIMIENTO 2025.xlsx (incluye 2019-2025)
304,2025,5,Mayo,150,150.0,pagado,PAGOS MANTENIMIENTO 2025.xlsx (incluye 2019-2025)
401,2025,5,Mayo,150,0.0,pendiente,PAGOS MANTENIMIENTO 2025.xlsx (incluye 2019-2025)
402,2025,5,Mayo,150,0.0,pendiente,PAGOS MANTENIMIENTO 2025.xlsx (incluye 2019-2025)
403,2025,5,Mayo,150,0.0,pendiente,PAGOS MANTENIMIENTO 2025.xlsx (incluye 2019-2025)
404,2025,5,Mayo,150,150.0,pagado,PAGOS MANTENIMIENTO 2025.xlsx (incluye 2019-2025)
1,2025,6,Junio,150,0.0,pendiente,PAGOS MANTENIMIENTO 2025.xlsx (incluye 2019-2025)
2,2025,6,Junio,150,150.0,pagado,PAGOS MANTENIMIENTO 2025.xlsx (incluye 2019-2025)
3,2025,6,Junio,150,0.0,pendiente,PAGOS MANTENIMIENTO 2025.xlsx (incluye 2019-2025)
4,2025,6,Junio,150,0.0,pendiente,PAGOS MANTENIMIENTO 2025.xlsx (incluye 2019-2025)
101,2025,6,Junio,150,0.0,pendiente,PAGOS MANTENIMIENTO 2025.xlsx (incluye 2019-2025)
102,2025,6,Junio,150,0.0,pendiente,PAGOS MANTENIMIENTO 2025.xlsx (incluye 2019-2025)
103,2025,6,Junio,150,0.0,pendiente,PAGOS MANTENIMIENTO 2025.xlsx (incluye 2019-2025)
104,2025,6,Junio,150,0.0,pendiente,PAGOS MANTENIMIENTO 2025.xlsx (incluye 2019-2025)
201,2025,6,Junio,150,150.0,pagado,PAGOS MANTENIMIENTO 2025.xlsx (incluye 2019-2025)
202,2025,6,Junio,150,150.0,pagado,PAGOS MANTENIMIENTO 2025.xlsx (incluye 2019-2025)
203,2025,6,Junio,150,0.0,pendiente,PAGOS MANTENIMIENTO 2025.xlsx (incluye 2019-2025)
204,2025,6,Junio,150,0.0,pendiente,PAGOS MANTENIMIENTO 2025.xlsx (incluye 2019-2025)
301,2025,6,Junio,150,150.0,pagado,PAGOS MANTENIMIENTO 2025.xlsx (incluye 2019-2025)
302,2025,6,Junio,150,150.0,pagado,PAGOS MANTENIMIENTO 2025.xlsx (incluye 2019-2025)
303,2025,6,Junio,150,150.0,pagado,PAGOS MANTENIMIENTO 2025.xlsx (incluye 2019-2025)
304,2025,6,Junio,150,150.0,pagado,PAGOS MANTENIMIENTO 2025.xlsx (incluye 2019-2025)
401,2025,6,Junio,150,0.0,pendiente,PAGOS MANTENIMIENTO 2025.xlsx (incluye 2019-2025)
402,2025,6,Junio,150,0.0,pendiente,PAGOS MANTENIMIENTO 2025.xlsx (incluye 2019-2025)
403,2025,6,Junio,150,0.0,pendiente,PAGOS MANTENIMIENTO 2025.xlsx (incluye 2019-2025)
404,2025,6,Junio,150,150.0,pagado,PAGOS MANTENIMIENTO 2025.xlsx (incluye 2019-2025)
1,2025,7,Julio,150,0.0,pendiente,PAGOS MANTENIMIENTO 2025.xlsx (incluye 2019-2025)
2,2025,7,Julio,150,150.0,pagado,PAGOS MANTENIMIENTO 2025.xlsx (incluye 2019-2025)
3,2025,7,Julio,150,0.0,pendiente,PAGOS MANTENIMIENTO 2025.xlsx (incluye 2019-2025)
4,2025,7,Julio,150,0.0,pendiente,PAGOS MANTENIMIENTO 2025.xlsx (incluye 2019-2025)
101,2025,7,Julio,150,0.0,pendiente,PAGOS MANTENIMIENTO 2025.xlsx (incluye 2019-2025)
102,2025,7,Julio,150,150.0,pagado,PAGOS MANTENIMIENTO 2025.xlsx (incluye 2019-2025)
103,2025,7,Julio,150,0.0,pendiente,PAGOS MANTENIMIENTO 2025.xlsx (incluye 2019-2025)
104,2025,7,Julio,150,0.0,pendiente,PAGOS MANTENIMIENTO 2025.xlsx (incluye 2019-2025)
201,2025,7,Julio,150,150.0,pagado,PAGOS MANTENIMIENTO 2025.xlsx (incluye 2019-2025)
202,2025,7,Julio,150,150.0,pagado,PAGOS MANTENIMIENTO 2025.xlsx (incluye 2019-2025)
203,2025,7,Julio,150,0.0,pendiente,PAGOS MANTENIMIENTO 2025.xlsx (incluye 2019-2025)
204,2025,7,Julio,150,0.0,pendiente,PAGOS MANTENIMIENTO 2025.xlsx (incluye 2019-2025)
301,2025,7,Julio,150,150.0,pagado,PAGOS MANTENIMIENTO 2025.xlsx (incluye 2019-2025)
302,2025,7,Julio,150,150.0,pagado,PAGOS MANTENIMIENTO 2025.xlsx (incluye 2019-2025)
303,2025,7,Julio,150,150.0,pagado,PAGOS MANTENIMIENTO 2025.xlsx (incluye 2019-2025)
304,2025,7,Julio,150,150.0,pagado,PAGOS MANTENIMIENTO 2025.xlsx (incluye 2019-2025)
401,2025,7,Julio,150,0.0,pendiente,PAGOS MANTENIMIENTO 2025.xlsx (incluye 2019-2025)
402,2025,7,Julio,150,0.0,pendiente,PAGOS MANTENIMIENTO 2025.xlsx (incluye 2019-2025)
403,2025,7,Julio,150,0.0,pendiente,PAGOS MANTENIMIENTO 2025.xlsx (incluye 2019-2025)
404,2025,7,Julio,150,150.0,pagado,PAGOS MANTENIMIENTO 2025.xlsx (incluye 2019-2025)
1,2025,8,Agosto,150,0.0,pendiente,PAGOS MANTENIMIENTO 2025.xlsx (incluye 2019-2025)
2,2025,8,Agosto,150,150.0,pagado,PAGOS MANTENIMIENTO 2025.xlsx (incluye 2019-2025)
3,2025,8,Agosto,150,0.0,pendiente,PAGOS MANTENIMIENTO 2025.xlsx (incluye 2019-2025)
4,2025,8,Agosto,150,0.0,pendiente,PAGOS MANTENIMIENTO 2025.xlsx (incluye 2019-2025)
101,2025,8,Agosto,150,0.0,pendiente,PAGOS MANTENIMIENTO 2025.xlsx (incluye 2019-2025)
102,2025,8,Agosto,150,0.0,pendiente,PAGOS MANTENIMIENTO 2025.xlsx (incluye 2019-2025)
103,2025,8,Agosto,150,0.0,pendiente,PAGOS MANTENIMIENTO 2025.xlsx (incluye 2019-2025)
104,2025,8,Agosto,150,0.0,pendiente,PAGOS MANTENIMIENTO 2025.xlsx (incluye 2019-2025)
201,2025,8,Agosto,150,150.0,pagado,PAGOS MANTENIMIENTO 2025.xlsx (incluye 2019-2025)
202,2025,8,Agosto,150,150.0,pagado,PAGOS MANTENIMIENTO 2025.xlsx (incluye 2019-2025)
203,2025,8,Agosto,150,0.0,pendiente,PAGOS MANTENIMIENTO 2025.xlsx (incluye 2019-2025)
204,2025,8,Agosto,150,0.0,pendiente,PAGOS MANTENIMIENTO 2025.xlsx (incluye 2019-2025)
301,2025,8,Agosto,150,150.0,pagado,PAGOS MANTENIMIENTO 2025.xlsx (incluye 2019-2025)
302,2025,8,Agosto,150,150.0,pagado,PAGOS MANTENIMIENTO 2025.xlsx (incluye 2019-2025)
303,2025,8,Agosto,150,150.0,pagado,PAGOS MANTENIMIENTO 2025.xlsx (incluye 2019-2025)
304,2025,8,Agosto,150,150.0,pagado,PAGOS MANTENIMIENTO 2025.xlsx (incluye 2019-2025)
401,2025,8,Agosto,150,0.0,pendiente,PAGOS MANTENIMIENTO 2025.xlsx (incluye 2019-2025)
402,2025,8,Agosto,150,0.0,pendiente,PAGOS MANTENIMIENTO 2025.xlsx (incluye 2019-2025)
403,2025,8,Agosto,150,0.0,pendiente,PAGOS MANTENIMIENTO 2025.xlsx (incluye 2019-2025)
404,2025,8,Agosto,150,150.0,pagado,PAGOS MANTENIMIENTO 2025.xlsx (incluye 2019-2025)
1,2025,9,Septiembre,150,0.0,pendiente,PAGOS MANTENIMIENTO 2025.xlsx (incluye 2019-2025)
2,2025,9,Septiembre,150,150.0,pagado,PAGOS MANTENIMIENTO 2025.xlsx (incluye 2019-2025)
3,2025,9,Septiembre,150,0.0,pendiente,PAGOS MANTENIMIENTO 2025.xlsx (incluye 2019-2025)
4,2025,9,Septiembre,150,0.0,pendiente,PAGOS MANTENIMIENTO 2025.xlsx (incluye 2019-2025)
101,2025,9,Septiembre,150,0.0,pendiente,PAGOS MANTENIMIENTO 2025.xlsx (incluye 2019-2025)
102,2025,9,Septiembre,150,0.0,pendiente,PAGOS MANTENIMIENTO 2025.xlsx (incluye 2019-2025)
103,2025,9,Septiembre,150,0.0,pendiente,PAGOS MANTENIMIENTO 2025.xlsx (incluye 2019-2025)
104,2025,9,Septiembre,150,0.0,pendiente,PAGOS MANTENIMIENTO 2025.xlsx (incluye 2019-2025)
201,2025,9,Septiembre,150,150.0,pagado,PAGOS MANTENIMIENTO 2025.xlsx (incluye 2019-2025)
202,2025,9,Septiembre,150,150.0,pagado,PAGOS MANTENIMIENTO 2025.xlsx (incluye 2019-2025)
203,2025,9,Septiembre,150,0.0,pendiente,PAGOS MANTENIMIENTO 2025.xlsx (incluye 2019-2025)
204,2025,9,Septiembre,150,0.0,pendiente,PAGOS MANTENIMIENTO 2025.xlsx (incluye 2019-2025)
301,2025,9,Septiembre,150,150.0,pagado,PAGOS MANTENIMIENTO 2025.xlsx (incluye 2019-2025)
302,2025,9,Septiembre,150,150.0,pagado,PAGOS MANTENIMIENTO 2025.xlsx (incluye 2019-2025)
303,2025,9,Septiembre,150,150.0,pagado,PAGOS MANTENIMIENTO 2025.xlsx (incluye 2019-2025)
304,2025,9,Septiembre,150,150.0,pagado,PAGOS MANTENIMIENTO 2025.xlsx (incluye 2019-2025)
401,2025,9,Septiembre,150,0.0,pendiente,PAGOS MANTENIMIENTO 2025.xlsx (incluye 2019-2025)
402,2025,9,Septiembre,150,0.0,pendiente,PAGOS MANTENIMIENTO 2025.xlsx (incluye 2019-2025)
403,2025,9,Septiembre,150,0.0,pendiente,PAGOS MANTENIMIENTO 2025.xlsx (incluye 2019-2025)
404,2025,9,Septiembre,150,150.0,pagado,PAGOS MANTENIMIENTO 2025.xlsx (incluye 2019-2025)
1,2025,10,Octubre,150,0.0,pendiente,PAGOS MANTENIMIENTO 2025.xlsx (incluye 2019-2025)
2,2025,10,Octubre,150,150.0,pagado,PAGOS MANTENIMIENTO 2025.xlsx (incluye 2019-2025)
3,2025,10,Octubre,150,0.0,pendiente,PAGOS MANTENIMIENTO 2025.xlsx (incluye 2019-2025)
4,2025,10,Octubre,150,0.0,pendiente,PAGOS MANTENIMIENTO 2025.xlsx (incluye 2019-2025)
101,2025,10,Octubre,150,0.0,pendiente,PAGOS MANTENIMIENTO 2025.xlsx (incluye 2019-2025)
102,2025,10,Octubre,150,0.0,pendiente,PAGOS MANTENIMIENTO 2025.xlsx (incluye 2019-2025)
103,2025,10,Octubre,150,0.0,pendiente,PAGOS MANTENIMIENTO 2025.xlsx (incluye 2019-2025)
104,2025,10,Octubre,150,0.0,pendiente,PAGOS MANTENIMIENTO 2025.xlsx (incluye 2019-2025)
201,2025,10,Octubre,150,150.0,pagado,PAGOS MANTENIMIENTO 2025.xlsx (incluye 2019-2025)
202,2025,10,Octubre,150,150.0,pagado,PAGOS MANTENIMIENTO 2025.xlsx (incluye 2019-2025)
203,2025,10,Octubre,150,0.0,pendiente,PAGOS MANTENIMIENTO 2025.xlsx (incluye 2019-2025)
204,2025,10,Octubre,150,0.0,pendiente,PAGOS MANTENIMIENTO 2025.xlsx (incluye 2019-2025)
301,2025,10,Octubre,150,150.0,pagado,PAGOS MANTENIMIENTO 2025.xlsx (incluye 2019-2025)
302,2025,10,Octubre,150,150.0,pagado,PAGOS MANTENIMIENTO 2025.xlsx (incluye 2019-2025)
303,2025,10,Octubre,150,150.0,pagado,PAGOS MANTENIMIENTO 2025.xlsx (incluye 2019-2025)
304,2025,10,Octubre,150,150.0,pagado,PAGOS MANTENIMIENTO 2025.xlsx (incluye 2019-2025)
401,2025,10,Octubre,150,0.0,pendiente,PAGOS MANTENIMIENTO 2025.xlsx (incluye 2019-2025)
402,2025,10,Octubre,150,0.0,pendiente,PAGOS MANTENIMIENTO 2025.xlsx (incluye 2019-2025)
403,2025,10,Octubre,150,0.0,pendiente,PAGOS MANTENIMIENTO 2025.xlsx (incluye 2019-2025)
404,2025,10,Octubre,150,150.0,pagado,PAGOS MANTENIMIENTO 2025.xlsx (incluye 2019-2025)
1,2025,11,Noviembre,150,0.0,pendiente,PAGOS MANTENIMIENTO 2025.xlsx (incluye 2019-2025)
2,2025,11,Noviembre,150,0.0,pendiente,PAGOS MANTENIMIENTO 2025.xlsx (incluye 2019-2025)
3,2025,11,Noviembre,150,0.0,pendiente,PAGOS MANTENIMIENTO 2025.xlsx (incluye 2019-2025)
4,2025,11,Noviembre,150,0.0,pendiente,PAGOS MANTENIMIENTO 2025.xlsx (incluye 2019-2025)
101,2025,11,Noviembre,150,0.0,pendiente,PAGOS MANTENIMIENTO 2025.xlsx (incluye 2019-2025)
102,2025,11,Noviembre,150,0.0,pendiente,PAGOS MANTENIMIENTO 2025.xlsx (incluye 2019-2025)
103,2025,11,Noviembre,150,0.0,pendiente,PAGOS MANTENIMIENTO 2025.xlsx (incluye 2019-2025)
104,2025,11,Noviembre,150,0.0,pendiente,PAGOS MANTENIMIENTO 2025.xlsx (incluye 2019-2025)
201,2025,11,Noviembre,150,150.0,pagado,PAGOS MANTENIMIENTO 2025.xlsx (incluye 2019-2025)
202,2025,11,Noviembre,150,150.0,pagado,PAGOS MANTENIMIENTO 2025.xlsx (incluye 2019-2025)
203,2025,11,Noviembre,150,0.0,pendiente,PAGOS MANTENIMIENTO 2025.xlsx (incluye 2019-2025)
204,2025,11,Noviembre,150,0.0,pendiente,PAGOS MANTENIMIENTO 2025.xlsx (incluye 2019-2025)
301,2025,11,Noviembre,150,150.0,pagado,PAGOS MANTENIMIENTO 2025.xlsx (incluye 2019-2025)
302,2025,11,Noviembre,150,150.0,pagado,PAGOS MANTENIMIENTO 2025.xlsx (incluye 2019-2025)
303,2025,11,Noviembre,150,150.0,pagado,PAGOS MANTENIMIENTO 2025.xlsx (incluye 2019-2025)
304,2025,11,Noviembre,150,0.0,pendiente,PAGOS MANTENIMIENTO 2025.xlsx (incluye 2019-2025)
401,2025,11,Noviembre,150,0.0,pendiente,PAGOS MANTENIMIENTO 2025.xlsx (incluye 2019-2025)
402,2025,11,Noviembre,150,0.0,pendiente,PAGOS MANTENIMIENTO 2025.xlsx (incluye 2019-2025)
403,2025,11,Noviembre,150,0.0,pendiente,PAGOS MANTENIMIENTO 2025.xlsx (incluye 2019-2025)
404,2025,11,Noviembre,150,150.0,pagado,PAGOS MANTENIMIENTO 2025.xlsx (incluye 2019-2025)
1,2025,12,Diciembre,150,150.0,pagado,PAGOS MANTENIMIENTO 2025.xlsx (incluye 2019-2025)
2,2025,12,Diciembre,150,0.0,pendiente,PAGOS MANTENIMIENTO 2025.xlsx (incluye 2019-2025)
3,2025,12,Diciembre,150,0.0,pendiente,PAGOS MANTENIMIENTO 2025.xlsx (incluye 2019-2025)
4,2025,12,Diciembre,150,0.0,pendiente,PAGOS MANTENIMIENTO 2025.xlsx (incluye 2019-2025)
101,2025,12,Diciembre,150,150.0,pagado,PAGOS MANTENIMIENTO 2025.xlsx (incluye 2019-2025)
102,2025,12,Diciembre,150,150.0,pagado,PAGOS MANTENIMIENTO 2025.xlsx (incluye 2019-2025)
103,2025,12,Diciembre,150,150.0,pagado,PAGOS MANTENIMIENTO 2025.xlsx (incluye 2019-2025)
104,2025,12,Diciembre,150,150.0,pagado,PAGOS MANTENIMIENTO 2025.xlsx (incluye 2019-2025)
201,2025,12,Diciembre,150,150.0,pagado,PAGOS MANTENIMIENTO 2025.xlsx (incluye 2019-2025)
202,2025,12,Diciembre,150,150.0,pagado,PAGOS MANTENIMIENTO 2025.xlsx (incluye 2019-2025)
203,2025,12,Diciembre,150,150.0,pagado,PAGOS MANTENIMIENTO 2025.xlsx (incluye 2019-2025)
204,2025,12,Diciembre,150,0.0,pendiente,PAGOS MANTENIMIENTO 2025.xlsx (incluye 2019-2025)
301,2025,12,Diciembre,150,150.0,pagado,PAGOS MANTENIMIENTO 2025.xlsx (incluye 2019-2025)
302,2025,12,Diciembre,150,150.0,pagado,PAGOS MANTENIMIENTO 2025.xlsx (incluye 2019-2025)
303,2025,12,Diciembre,150,150.0,pagado,PAGOS MANTENIMIENTO 2025.xlsx (incluye 2019-2025)
304,2025,12,Diciembre,150,150.0,pagado,PAGOS MANTENIMIENTO 2025.xlsx (incluye 2019-2025)
401,2025,12,Diciembre,150,0.0,pendiente,PAGOS MANTENIMIENTO 2025.xlsx (incluye 2019-2025)
402,2025,12,Diciembre,150,0.0,pendiente,PAGOS MANTENIMIENTO 2025.xlsx (incluye 2019-2025)
403,2025,12,Diciembre,150,0.0,pendiente,PAGOS MANTENIMIENTO 2025.xlsx (incluye 2019-2025)
404,2025,12,Diciembre,150,150.0,pagado,PAGOS MANTENIMIENTO 2025.xlsx (incluye 2019-2025)
1,2026,1,Enero,150,150.0,pagado,PAGOS MANTENIMIENTO 2026.xlsx
2,2026,1,Enero,150,150.0,pagado,PAGOS MANTENIMIENTO 2026.xlsx
3,2026,1,Enero,150,150.0,pagado,PAGOS MANTENIMIENTO 2026.xlsx
101,2026,1,Enero,150,150.0,pagado,PAGOS MANTENIMIENTO 2026.xlsx
102,2026,1,Enero,150,150.0,pagado,PAGOS MANTENIMIENTO 2026.xlsx
103,2026,1,Enero,150,150.0,pagado,PAGOS MANTENIMIENTO 2026.xlsx
104,2026,1,Enero,150,150.0,pagado,PAGOS MANTENIMIENTO 2026.xlsx
201,2026,1,Enero,150,150.0,pagado,PAGOS MANTENIMIENTO 2026.xlsx
202,2026,1,Enero,150,150.0,pagado,PAGOS MANTENIMIENTO 2026.xlsx
203,2026,1,Enero,150,150.0,pagado,PAGOS MANTENIMIENTO 2026.xlsx
301,2026,1,Enero,150,150.0,pagado,PAGOS MANTENIMIENTO 2026.xlsx
302,2026,1,Enero,150,150.0,pagado,PAGOS MANTENIMIENTO 2026.xlsx
303,2026,1,Enero,150,150.0,pagado,PAGOS MANTENIMIENTO 2026.xlsx
304,2026,1,Enero,150,150.0,pagado,PAGOS MANTENIMIENTO 2026.xlsx
401,2026,1,Enero,150,150.0,pagado,PAGOS MANTENIMIENTO 2026.xlsx
402,2026,1,Enero,150,150.0,pagado,PAGOS MANTENIMIENTO 2026.xlsx
403,2026,1,Enero,150,150.0,pagado,PAGOS MANTENIMIENTO 2026.xlsx
404,2026,1,Enero,150,150.0,pagado,PAGOS MANTENIMIENTO 2026.xlsx
1,2026,2,Febrero,150,150.0,pagado,PAGOS MANTENIMIENTO 2026.xlsx
2,2026,2,Febrero,150,150.0,pagado,PAGOS MANTENIMIENTO 2026.xlsx
3,2026,2,Febrero,150,150.0,pagado,PAGOS MANTENIMIENTO 2026.xlsx
101,2026,2,Febrero,150,150.0,pagado,PAGOS MANTENIMIENTO 2026.xlsx
102,2026,2,Febrero,150,150.0,pagado,PAGOS MANTENIMIENTO 2026.xlsx
103,2026,2,Febrero,150,150.0,pagado,PAGOS MANTENIMIENTO 2026.xlsx
104,2026,2,Febrero,150,150.0,pagado,PAGOS MANTENIMIENTO 2026.xlsx
201,2026,2,Febrero,150,150.0,pagado,PAGOS MANTENIMIENTO 2026.xlsx
202,2026,2,Febrero,150,150.0,pagado,PAGOS MANTENIMIENTO 2026.xlsx
203,2026,2,Febrero,150,150.0,pagado,PAGOS MANTENIMIENTO 2026.xlsx
301,2026,2,Febrero,150,150.0,pagado,PAGOS MANTENIMIENTO 2026.xlsx
302,2026,2,Febrero,150,150.0,pagado,PAGOS MANTENIMIENTO 2026.xlsx
303,2026,2,Febrero,150,150.0,pagado,PAGOS MANTENIMIENTO 2026.xlsx
304,2026,2,Febrero,150,150.0,pagado,PAGOS MANTENIMIENTO 2026.xlsx
401,2026,2,Febrero,150,150.0,pagado,PAGOS MANTENIMIENTO 2026.xlsx
402,2026,2,Febrero,150,150.0,pagado,PAGOS MANTENIMIENTO 2026.xlsx
403,2026,2,Febrero,150,150.0,pagado,PAGOS MANTENIMIENTO 2026.xlsx
404,2026,2,Febrero,150,150.0,pagado,PAGOS MANTENIMIENTO 2026.xlsx
1,2026,3,Marzo,150,150.0,pagado,PAGOS MANTENIMIENTO 2026.xlsx
2,2026,3,Marzo,150,150.0,pagado,PAGOS MANTENIMIENTO 2026.xlsx
3,2026,3,Marzo,150,150.0,pagado,PAGOS MANTENIMIENTO 2026.xlsx
101,2026,3,Marzo,150,150.0,pagado,PAGOS MANTENIMIENTO 2026.xlsx
102,2026,3,Marzo,150,150.0,pagado,PAGOS MANTENIMIENTO 2026.xlsx
103,2026,3,Marzo,150,150.0,pagado,PAGOS MANTENIMIENTO 2026.xlsx
104,2026,3,Marzo,150,150.0,pagado,PAGOS MANTENIMIENTO 2026.xlsx
201,2026,3,Marzo,150,150.0,pagado,PAGOS MANTENIMIENTO 2026.xlsx
202,2026,3,Marzo,150,150.0,pagado,PAGOS MANTENIMIENTO 2026.xlsx
203,2026,3,Marzo,150,150.0,pagado,PAGOS MANTENIMIENTO 2026.xlsx
301,2026,3,Marzo,150,150.0,pagado,PAGOS MANTENIMIENTO 2026.xlsx
302,2026,3,Marzo,150,150.0,pagado,PAGOS MANTENIMIENTO 2026.xlsx
303,2026,3,Marzo,150,150.0,pagado,PAGOS MANTENIMIENTO 2026.xlsx
304,2026,3,Marzo,150,150.0,pagado,PAGOS MANTENIMIENTO 2026.xlsx
401,2026,3,Marzo,150,150.0,pagado,PAGOS MANTENIMIENTO 2026.xlsx
402,2026,3,Marzo,150,150.0,pagado,PAGOS MANTENIMIENTO 2026.xlsx
403,2026,3,Marzo,150,150.0,pagado,PAGOS MANTENIMIENTO 2026.xlsx
404,2026,3,Marzo,150,150.0,pagado,PAGOS MANTENIMIENTO 2026.xlsx
1,2026,4,Abril,150,150.0,pagado,PAGOS MANTENIMIENTO 2026.xlsx
2,2026,4,Abril,150,150.0,pagado,PAGOS MANTENIMIENTO 2026.xlsx
3,2026,4,Abril,150,150.0,pagado,PAGOS MANTENIMIENTO 2026.xlsx
101,2026,4,Abril,150,150.0,pagado,PAGOS MANTENIMIENTO 2026.xlsx
102,2026,4,Abril,150,150.0,pagado,PAGOS MANTENIMIENTO 2026.xlsx
103,2026,4,Abril,150,150.0,pagado,PAGOS MANTENIMIENTO 2026.xlsx
104,2026,4,Abril,150,150.0,pagado,PAGOS MANTENIMIENTO 2026.xlsx
201,2026,4,Abril,150,150.0,pagado,PAGOS MANTENIMIENTO 2026.xlsx
202,2026,4,Abril,150,150.0,pagado,PAGOS MANTENIMIENTO 2026.xlsx
203,2026,4,Abril,150,150.0,pagado,PAGOS MANTENIMIENTO 2026.xlsx
301,2026,4,Abril,150,150.0,pagado,PAGOS MANTENIMIENTO 2026.xlsx
302,2026,4,Abril,150,150.0,pagado,PAGOS MANTENIMIENTO 2026.xlsx
303,2026,4,Abril,150,150.0,pagado,PAGOS MANTENIMIENTO 2026.xlsx
304,2026,4,Abril,150,150.0,pagado,PAGOS MANTENIMIENTO 2026.xlsx
401,2026,4,Abril,150,150.0,pagado,PAGOS MANTENIMIENTO 2026.xlsx
402,2026,4,Abril,150,150.0,pagado,PAGOS MANTENIMIENTO 2026.xlsx
403,2026,4,Abril,150,150.0,pagado,PAGOS MANTENIMIENTO 2026.xlsx
404,2026,4,Abril,150,150.0,pagado,PAGOS MANTENIMIENTO 2026.xlsx
1,2026,5,Mayo,150,150.0,pagado,PAGOS MANTENIMIENTO 2026.xlsx
2,2026,5,Mayo,150,150.0,pagado,PAGOS MANTENIMIENTO 2026.xlsx
3,2026,5,Mayo,150,150.0,pagado,PAGOS MANTENIMIENTO 2026.xlsx
101,2026,5,Mayo,150,150.0,pagado,PAGOS MANTENIMIENTO 2026.xlsx
102,2026,5,Mayo,150,150.0,pagado,PAGOS MANTENIMIENTO 2026.xlsx
103,2026,5,Mayo,150,150.0,pagado,PAGOS MANTENIMIENTO 2026.xlsx
104,2026,5,Mayo,150,150.0,pagado,PAGOS MANTENIMIENTO 2026.xlsx
201,2026,5,Mayo,150,150.0,pagado,PAGOS MANTENIMIENTO 2026.xlsx
202,2026,5,Mayo,150,150.0,pagado,PAGOS MANTENIMIENTO 2026.xlsx
203,2026,5,Mayo,150,150.0,pagado,PAGOS MANTENIMIENTO 2026.xlsx
301,2026,5,Mayo,150,150.0,pagado,PAGOS MANTENIMIENTO 2026.xlsx
302,2026,5,Mayo,150,150.0,pagado,PAGOS MANTENIMIENTO 2026.xlsx
303,2026,5,Mayo,150,150.0,pagado,PAGOS MANTENIMIENTO 2026.xlsx
304,2026,5,Mayo,150,150.0,pagado,PAGOS MANTENIMIENTO 2026.xlsx
401,2026,5,Mayo,150,150.0,pagado,PAGOS MANTENIMIENTO 2026.xlsx
402,2026,5,Mayo,150,150.0,pagado,PAGOS MANTENIMIENTO 2026.xlsx
403,2026,5,Mayo,150,150.0,pagado,PAGOS MANTENIMIENTO 2026.xlsx
404,2026,5,Mayo,150,150.0,pagado,PAGOS MANTENIMIENTO 2026.xlsx
1,2026,6,Junio,150,150.0,pagado,PAGOS MANTENIMIENTO 2026.xlsx
2,2026,6,Junio,150,150.0,pagado,PAGOS MANTENIMIENTO 2026.xlsx
3,2026,6,Junio,150,150.0,pagado,PAGOS MANTENIMIENTO 2026.xlsx
101,2026,6,Junio,150,150.0,pagado,PAGOS MANTENIMIENTO 2026.xlsx
102,2026,6,Junio,150,150.0,pagado,PAGOS MANTENIMIENTO 2026.xlsx
103,2026,6,Junio,150,70.0,parcial,PAGOS MANTENIMIENTO 2026.xlsx
104,2026,6,Junio,150,150.0,pagado,PAGOS MANTENIMIENTO 2026.xlsx
201,2026,6,Junio,150,150.0,pagado,PAGOS MANTENIMIENTO 2026.xlsx
202,2026,6,Junio,150,150.0,pagado,PAGOS MANTENIMIENTO 2026.xlsx
203,2026,6,Junio,150,150.0,pagado,PAGOS MANTENIMIENTO 2026.xlsx
301,2026,6,Junio,150,150.0,pagado,PAGOS MANTENIMIENTO 2026.xlsx
302,2026,6,Junio,150,150.0,pagado,PAGOS MANTENIMIENTO 2026.xlsx
303,2026,6,Junio,150,150.0,pagado,PAGOS MANTENIMIENTO 2026.xlsx
304,2026,6,Junio,150,150.0,pagado,PAGOS MANTENIMIENTO 2026.xlsx
401,2026,6,Junio,150,150.0,pagado,PAGOS MANTENIMIENTO 2026.xlsx
402,2026,6,Junio,150,150.0,pagado,PAGOS MANTENIMIENTO 2026.xlsx
403,2026,6,Junio,150,150.0,pagado,PAGOS MANTENIMIENTO 2026.xlsx
404,2026,6,Junio,150,150.0,pagado,PAGOS MANTENIMIENTO 2026.xlsx
1,2026,7,Julio,150,150.0,pagado,PAGOS MANTENIMIENTO 2026.xlsx
2,2026,7,Julio,150,150.0,pagado,PAGOS MANTENIMIENTO 2026.xlsx
3,2026,7,Julio,150,150.0,pagado,PAGOS MANTENIMIENTO 2026.xlsx
101,2026,7,Julio,150,150.0,pagado,PAGOS MANTENIMIENTO 2026.xlsx
102,2026,7,Julio,150,150.0,pagado,PAGOS MANTENIMIENTO 2026.xlsx
104,2026,7,Julio,150,150.0,pagado,PAGOS MANTENIMIENTO 2026.xlsx
201,2026,7,Julio,150,150.0,pagado,PAGOS MANTENIMIENTO 2026.xlsx
202,2026,7,Julio,150,150.0,pagado,PAGOS MANTENIMIENTO 2026.xlsx
203,2026,7,Julio,150,150.0,pagado,PAGOS MANTENIMIENTO 2026.xlsx
301,2026,7,Julio,150,150.0,pagado,PAGOS MANTENIMIENTO 2026.xlsx
302,2026,7,Julio,150,150.0,pagado,PAGOS MANTENIMIENTO 2026.xlsx
303,2026,7,Julio,150,150.0,pagado,PAGOS MANTENIMIENTO 2026.xlsx
304,2026,7,Julio,150,150.0,pagado,PAGOS MANTENIMIENTO 2026.xlsx
401,2026,7,Julio,150,150.0,pagado,PAGOS MANTENIMIENTO 2026.xlsx
402,2026,7,Julio,150,150.0,pagado,PAGOS MANTENIMIENTO 2026.xlsx
403,2026,7,Julio,150,150.0,pagado,PAGOS MANTENIMIENTO 2026.xlsx
404,2026,7,Julio,150,150.0,pagado,PAGOS MANTENIMIENTO 2026.xlsx
1,2026,8,Agosto,150,150.0,pagado,PAGOS MANTENIMIENTO 2026.xlsx
2,2026,8,Agosto,150,150.0,pagado,PAGOS MANTENIMIENTO 2026.xlsx
3,2026,8,Agosto,150,150.0,pagado,PAGOS MANTENIMIENTO 2026.xlsx
101,2026,8,Agosto,150,150.0,pagado,PAGOS MANTENIMIENTO 2026.xlsx
102,2026,8,Agosto,150,150.0,pagado,PAGOS MANTENIMIENTO 2026.xlsx
104,2026,8,Agosto,150,150.0,pagado,PAGOS MANTENIMIENTO 2026.xlsx
201,2026,8,Agosto,150,150.0,pagado,PAGOS MANTENIMIENTO 2026.xlsx
202,2026,8,Agosto,150,150.0,pagado,PAGOS MANTENIMIENTO 2026.xlsx
203,2026,8,Agosto,150,150.0,pagado,PAGOS MANTENIMIENTO 2026.xlsx
301,2026,8,Agosto,150,150.0,pagado,PAGOS MANTENIMIENTO 2026.xlsx
302,2026,8,Agosto,150,150.0,pagado,PAGOS MANTENIMIENTO 2026.xlsx
303,2026,8,Agosto,150,150.0,pagado,PAGOS MANTENIMIENTO 2026.xlsx
304,2026,8,Agosto,150,150.0,pagado,PAGOS MANTENIMIENTO 2026.xlsx
401,2026,8,Agosto,150,150.0,pagado,PAGOS MANTENIMIENTO 2026.xlsx
402,2026,8,Agosto,150,150.0,pagado,PAGOS MANTENIMIENTO 2026.xlsx
403,2026,8,Agosto,150,150.0,pagado,PAGOS MANTENIMIENTO 2026.xlsx
404,2026,8,Agosto,150,150.0,pagado,PAGOS MANTENIMIENTO 2026.xlsx
1,2026,9,Septiembre,150,150.0,pagado,PAGOS MANTENIMIENTO 2026.xlsx
2,2026,9,Septiembre,150,150.0,pagado,PAGOS MANTENIMIENTO 2026.xlsx
3,2026,9,Septiembre,150,150.0,pagado,PAGOS MANTENIMIENTO 2026.xlsx
101,2026,9,Septiembre,150,150.0,pagado,PAGOS MANTENIMIENTO 2026.xlsx
102,2026,9,Septiembre,150,150.0,pagado,PAGOS MANTENIMIENTO 2026.xlsx
104,2026,9,Septiembre,150,150.0,pagado,PAGOS MANTENIMIENTO 2026.xlsx
201,2026,9,Septiembre,150,150.0,pagado,PAGOS MANTENIMIENTO 2026.xlsx
202,2026,9,Septiembre,150,150.0,pagado,PAGOS MANTENIMIENTO 2026.xlsx
203,2026,9,Septiembre,150,150.0,pagado,PAGOS MANTENIMIENTO 2026.xlsx
301,2026,9,Septiembre,150,20.0,parcial,PAGOS MANTENIMIENTO 2026.xlsx
302,2026,9,Septiembre,150,150.0,pagado,PAGOS MANTENIMIENTO 2026.xlsx
303,2026,9,Septiembre,150,20.0,parcial,PAGOS MANTENIMIENTO 2026.xlsx
304,2026,9,Septiembre,150,150.0,pagado,PAGOS MANTENIMIENTO 2026.xlsx
401,2026,9,Septiembre,150,150.0,pagado,PAGOS MANTENIMIENTO 2026.xlsx
402,2026,9,Septiembre,150,150.0,pagado,PAGOS MANTENIMIENTO 2026.xlsx
404,2026,9,Septiembre,150,70.0,parcial,PAGOS MANTENIMIENTO 2026.xlsx
2,2026,10,Octubre,150,150.0,pagado,PAGOS MANTENIMIENTO 2026.xlsx
3,2026,10,Octubre,150,150.0,pagado,PAGOS MANTENIMIENTO 2026.xlsx
101,2026,10,Octubre,150,150.0,pagado,PAGOS MANTENIMIENTO 2026.xlsx
102,2026,10,Octubre,150,150.0,pagado,PAGOS MANTENIMIENTO 2026.xlsx
104,2026,10,Octubre,150,20.0,parcial,PAGOS MANTENIMIENTO 2026.xlsx
201,2026,10,Octubre,150,150.0,pagado,PAGOS MANTENIMIENTO 2026.xlsx
202,2026,10,Octubre,150,150.0,pagado,PAGOS MANTENIMIENTO 2026.xlsx
203,2026,10,Octubre,150,20.0,parcial,PAGOS MANTENIMIENTO 2026.xlsx
302,2026,10,Octubre,150,150.0,pagado,PAGOS MANTENIMIENTO 2026.xlsx
304,2026,10,Octubre,150,20.0,parcial,PAGOS MANTENIMIENTO 2026.xlsx
401,2026,10,Octubre,150,150.0,pagado,PAGOS MANTENIMIENTO 2026.xlsx
402,2026,10,Octubre,150,150.0,pagado,PAGOS MANTENIMIENTO 2026.xlsx
2,2026,11,Noviembre,150,20.0,parcial,PAGOS MANTENIMIENTO 2026.xlsx
201,2026,11,Noviembre,150,150.0,pagado,PAGOS MANTENIMIENTO 2026.xlsx
202,2026,11,Noviembre,150,150.0,pagado,PAGOS MANTENIMIENTO 2026.xlsx
302,2026,11,Noviembre,150,150.0,pagado,PAGOS MANTENIMIENTO 2026.xlsx
401,2026,11,Noviembre,150,20.0,parcial,PAGOS MANTENIMIENTO 2026.xlsx
201,2026,12,Diciembre,150,70.0,parcial,PAGOS MANTENIMIENTO 2026.xlsx
202,2026,12,Diciembre,150,150.0,pagado,PAGOS MANTENIMIENTO 2026.xlsx
302,2026,12,Diciembre,150,150.0,pagado,PAGOS MANTENIMIENTO 2026.xlsx
